Column1,Column2,Column3,Column4,Column5,Column6,Column7,Column8,Column9,Column10,Column11,Column12,Column13,Column14,Column15,Column16,Column17,Column18,Column19,Column20,Column21,Column22,Column23,Column24,Column25,Column26,Column27,Column28,Column29,Column30,Column31,Column32,Column33,Column34,Column35,Column36,Column37,Column38,Column39,Column40,Column41,Column42,Column43,Column44,Column45,Column46,Column47,Column48,Column49,Column50,Column51,Column52,Column53,Column54,Column55,Column56,Column57,Column58,Column59
level number,level type,unitid,,,title,extracted_comments,date expression,year begin,month begin,day begin,year end,month end,day end,bulk year begin,bulk month begin,bulk day begin,bulk year end,bulk month end,bulk day end,instance type,container 1 type,container profile,barcode,container 1 value / BOX by default,container 2 type,container 2 value / FOLDER by default,container 3 type,container 3 value,extent number,extent value,generic extent,generic physdesc,origination,bioghist,scope and content note,arrangement note,access restrictions,phystech,physloc (location note),use restrictions,language code,langmaterial note,other finding aid,custodhist,acqinfo,appraisal,accruals,originalsloc,alternative form available,related material,separated material,preferred citation,processing information,control access headings,"component @id (leave blank, unless value already present)",dao link,dao title,"system @id (leave blank, unless value already present)"
2,,,3923906,Laos : plan de emménagements pour passagers = passenger accommodation plan,"""Laos"" : plan de emménagements pour passagers = passenger accommodation plan",Fre eng,,,,,,,,,,,,,,,,,,240,,#1,,,,,,"Compagnie des messageries Maritimes … ""Laos""",,,[publisher not identified],,,,,,eng,,,,,,,,,,,,,,,,,
2,,,3912872,"[Türkiye] karayollari harıtasi = [Turkey] highway map, 1952",[Türkiye] karayollari harıtasi = [Turkey] highway map,eng tur,,1952,,,,,,,,,,,,,,,,237,,#1,,,,,,Turkey highway map = Türkiye karayollari harıtasi,,,Karayolları Genel Müdürlüğü [General Directorate of Highways],,,,,,tur,,,,,,,,,,,,,,,,,
2,,,3913125,"1939 highway and tourist map province of Quebec Canada = 1939 carte routière et touristique province de Québec Canada, 1939",1939 highway and tourist map province of Quebec Canada = 1939 carte routière et touristique province de Québec Canada,eng fre,,1939,,,,,,,,,,,,,,,,163,,#1,,,,,,Come to Québec province highway and tourist map 1939 = Come to la province de Québec carte routière et touristique,,,Office du Tourisme Province de Québec = Province de Québec Tourist Bureau,,,,,,fre,,,,,,,,,,,,,,,,,
2,,,3913229,"Accès de la ville de Montréal = Montréal access to the city, [between 1970 and 1979?]",Accès de la ville de Montréal = Montréal access to the city,eng fre,[between 1970 and 1979?],,,,,,,,,,,,,,,,,164,,#1,,,,,,Voies d'accès à Montrèal = Montréal access roads to the city,,,City of Montréal Public Relations Department,,,,,,fre,,,,,,,,,,,,,,,,,
2,,,3913233,"Accès de la ville de Montréal = Montréal access to the city, [1975?]",Accès de la ville de Montréal = Montréal access to the city,eng fre,[1975?],,,,,,,,,,,,,,,,,164,,#1,,,,,,Montréal,,,City of Montreal Housing and City Planning Department,,,,,,fre,,,,,,,,,,,,,,,,,
2,,,3912955,"Afrique centre et sud Madagascar = Africa central and south Madagascar, 1984",Afrique centre et sud Madagascar = Africa central and south Madagascar,eng fre,,1984,,,,,,,,,,,,,,,,238,,#1,,,,,,,,,Pneu Michelin,,,,,,fre,,,,,,,,,,,,,,,,,
2,,,3913290,"Agglomération de Québec = Greater Québec = Québec y suburbios, 1985",Agglomération de Québec = Greater Québec = Québec y suburbios,eng fre spa,,1985,,,,,,,,,,,,,,,,164,,#1,,,,,,Carte touristique et routiére agglomération de Québec = Tourist and road map Québec area = Mapa turistico y de carreteras Québec y suburbios,,,Transports du Québec,,,,,,fre,,,,,,,,,,,,,,,,,
2,,,3923855,"Air France : le plus grande réseau du monde, [1961]",Air France : le plus grande réseau du monde,Eng fre,[1961],,,,,,,,,,,,,,,,,240,,#1,,,,,,,,,Société Industrielle d'Imprimerie,,,,,,eng,,,,,,,,,,,,,,,,,
2,,,3912821,"Alpenländer, [between 1970 and 1979?]",Alpenländer,ita eng fre ger spa slv,[between 1970 and 1979?],,,,,,,,,,,,,,,,,237,,#1,,,,,,Alpenländer Österreich - Süddeutschland - Schweiz - Oberitalien - Westjugoslawein = Alpine countries Austria - southern Germany - Switzerland - northern Italy - Jugoslavia north west,,,Verlag Adolf Zinner,,,,,,eng,,,,,,,,,,,,,,,,,
2,,,3912349,"Amsterdam, [1956]",Amsterdam,Dut eng fre ger,[1956],,,,,,,,,,,,,,,,,233,,#1,,,,,,Amsterdam,,,Bollman-Bildkarten Verlag,,,,,,dut,,,,,,,,,,,,,,,,,
2,,,3912342,"Amsterdam : city-plan - plan de ville - Stadtplan, [approximately 1956?]",Amsterdam : city-plan - plan de ville - Stadtplan,eng fre ger,[approximately 1956?],,,,,,,,,,,,,,,,,158,,#1,,,,,,,,,[publisher not identified],,,,,,eng,,,,,,,,,,,,,,,,,
2,,,3912364,"Anvers-Rotterdam, 1969",Anvers-Rotterdam,Fre dut,,1969,,,,,,,,,,,,,,,,233,,#1,,,,,,Antwerpen-Rotterdam,,,[publisher not identified],,,,,,fre,,,,,,,,,,,,,,,,,
2,,,3912504,"Aral-Karte 5, 1975 - 1976",Aral-Karte 5,Ger eng fre,,1975,,,1976,,,,,,,,,,,,,159,,#1,,,,,,"Bundesrepublik Deutschland Straßenkarte mit 9 Stadtdurchfahrtsplänen : Bamberg, Bayreuth, Erlangen, Fulda, Hof, Nürnberg, Rothenburg o.d.T., Schweinfurt, Würzburg",,,Aral Aktiengesellschaft ; Kartographischer Verlag Busche,,,,,,ger,,,,,,,,,,,,,,,,,
2,,,3912505,"Aral-Karte 6, 1974 - 1975",Aral-Karte 6,Ger eng fre,,1974,,,1975,,,,,,,,,,,,,159,,#1,,,,,,Bundesrepublik Deutschland Aral-Karte mit 8 Stadturchfahrts-plänen : Baden-Baden Karlsruhe Pforzheim Freiburg Konstanz Stuttgart Heilbronn Ulm/Neu-Ulm,,,Aral Aktiengesellschaft ; Kartographischer Verlag Busche,,,,,,ger,,,,,,,,,,,,,,,,,
2,,,3912506,"Aral-Karte 7, 1974 - 1975",Aral-Karte 7,Ger eng fre,,1974,,,1975,,,,,,,,,,,,,159,,#1,,,,,,Bundesrepublik Deutschland Aral-Karte mit 3 Stadturchfahrts-plänen : Augsburg München (Innenstadt) Regensburg München,,,Aral Aktiengesellschaft ; Kartographischer Verlag Busche,,,,,,ger,,,,,,,,,,,,,,,,,
2,,,3923701,"Aruba, [between 1952 and 1959?]",Aruba,dut eng,[between 1952 and 1959?],,,,,,,,,,,,,,,,,168,,#1,,,,,,Aruba road map,,,General Drafting Company,,,,,,dut,,,,,,,,,,,,,,,,,
2,,,3923700,"Aruba, 1995",Aruba,eng fre ger ita spa,,1995,,,,,,,,,,,,,,,,229,,#1,,,,,,Aruba road map,,,Berndtson & Berndtson,,,,,,eng,,,,,,,,,,,,,,,,,
2,,,3913028,"Atlantic Provinces, 1970",Atlantic Provinces,eng fre,,1970,,,,,,,,,,,,,,,,162,,#1,,,,,,Atlantic Provinces featuring city area map of Halifax,,,Grant-Mann Lithographers Limited.,,,,,,eng,,,,,,,,,,,,,,,,,
2,,,3913029,"Atlantic Provinces, 1971",Atlantic Provinces,eng fre,,1971,,,,,,,,,,,,,,,,162,,#1,,,,,,Atlantic Provinces featuring city area map of Halifax,,,Grant-Mann Lithographers Limited.,,,,,,eng,,,,,,,,,,,,,,,,,
2,,,3913030,"Atlantic Provinces, 1972",Atlantic Provinces,eng fre,,1972,,,,,,,,,,,,,,,,162,,#1,,,,,,Atlantic Provinces featuring city area map of Halifax,,,Grant-Mann Lithographers Limited.,,,,,,eng,,,,,,,,,,,,,,,,,
2,,,3912728,"Barcelona, 1929 - 1930",Barcelona,Spa fre eng ger,,1929,,,1930,,,,,,,,,,,,,236,,#1,,,,,,Barcelona,,,Rivadeneyra S.A.,,,,,,spa,,,,,,,,,,,,,,,,,
2,,,3912727,"Barcelona monumental ; Plano de Barcelona ; Plano monumnetal Barcelona, 1929",Barcelona monumental ; Plano de Barcelona ; Plano monumnetal Barcelona,Spa ger fre eng,,1929,,,,,,,,,,,,,,,,236,,#1,,,,,,Plano monumental de Barcelona = Plan der Denkmaler von Barcelona = Plan Monumental de Barcelona = Monumental map of Barcelona,,,A. Menéndez ALeyxandre ; Editorial Rápido,,,,,,spa,,,,,,,,,,,,,,,,,
2,,,3912295,"Bartholomew Edinburgh city plan, 1972",Bartholomew Edinburgh city plan,Eng fre ger,,1972,,,,,,,,,,,,,,,,232,,#1,,,,,,Edinburgh city plan with index,,,John Bartholomew & Son Limited,,,,,,eng,,,,,,,,,,,,,,,,,
2,,,3912600,"Basel-St Gallen ; Bâle-St Gall, 1955",Basel-St Gallen ; Bâle-St Gall,Fre ger ita eng,,1955,,,,,,,,,,,,,,,,234,,#1,,,,,,,,,[publisher not identified],,,,,,fre,,,,,,,,,,,,,,,,,
2,,,3912873,"Beirut, [between 1960 and 1969?]",Beirut,eng fre,[between 1960 and 1969?],,,,,,,,,,,,,,,,,237,,#1,,,,,,Beirut : a handy map for tourists,,,Michel Horoche,,,,,,eng,,,,,,,,,,,,,,,,,
2,,,3912324,"Belgique et Grand Duché de Luxembourg = België en Groot Hertogdom Luxemburg = Belgium and Grand Duchy of Luxembourg, 1958",Belgique et Grand Duché de Luxembourg = België en Groot Hertogdom Luxemburg = Belgium and Grand Duchy of Luxembourg,Fre eng dut,,1958,,,,,,,,,,,,,,,,158,,#1,,,,,,Belgique et Luxembourg,,,Esso ; General Drafting Co.,,,,,,eng,,,,,,,,,,,,,,,,,
2,,,3912325,"Belgique et Grand Duché de Luxembourg = België en Groot Hertogdom Luxemburg = Belgium and Grand Duchy of Luxembourg, ]1950?]",Belgique et Grand Duché de Luxembourg = België en Groot Hertogdom Luxemburg = Belgium and Grand Duchy of Luxembourg,Fre eng dut,]1950?],,,,,,,,,,,,,,,,,158,,#1,,,,,,Belgique et Luxembourg,,,Esso ; General Drafting Co.,,,,,,fre,,,,,,,,,,,,,,,,,
2,,,3912406,"Bennett's turistkart Norge = Bennett's tourist map Norway = Bennett's touristenkarte Norwegen = Bennett's carte tourist Norwège, 1934",Bennett's turistkart Norge = Bennett's tourist map Norway = Bennett's touristenkarte Norwegen = Bennett's carte tourist Norwège,Nor eng ger fre,,1934,,,,,,,,,,,,,,,,233,,#1,,,,,,Bennett's turistkart Norge = Bennett's tourist map Norway = Bennett's touristenkarte Norwegen = Bennett's carte tourist Norwège,,,Bennett's Reisebureau,,,,,,nor,,,,,,,,,,,,,,,,,
2,,,3912853,"Beograd orijentacioni plan = Beograd orientationsplan = Beograd information plan, [1969?]",Beograd orijentacioni plan = Beograd orientationsplan = Beograd information plan,Bos ger eng,[1969?],,,,,,,,,,,,,,,,,161,,#1,,,,,,,,,Tourist Association of Belgrade,,,,,,bos,,,,,,,,,,,,,,,,,
2,,,3912379,"Bergen-Luxemburg, 1958",Bergen-Luxemburg,Dut fre,,1958,,,,,,,,,,,,,,,,233,,#1,,,,,,Mons-Luxembourg,,,[publisher not identified],,,,,,dut,,,,,,,,,,,,,,,,,
2,,,3912590,"Bern, [1973?]",Bern,Ger eng,[1973?],,,,,,,,,,,,,,,,,160,,#1,,,,,,Plan der Stadt Bern = Map of Berne,,,Kümmerly + Frey,,,,,,ger,,,,,,,,,,,,,,,,,
2,,,3912592,"Berne ; Environs de Berne = Umgebung Berns = Surroundings of Berne, 1920",Berne ; Environs de Berne = Umgebung Berns = Surroundings of Berne,Fre ger eng,,1920,,,,,,,,,,,,,,,,234,,#1,,,,,,Map and guide of Berne,,,Kümmerly & Frey,,,,,,eng,,,,,,,,,,,,,,,,,
2,,,3912594,"Bern-Lötschberg-Simplon-Bahn = Berne-Lœtschberg-Simplon, 1972",Bern-Lötschberg-Simplon-Bahn = Berne-Lœtschberg-Simplon,Ger ita fre eng,,1972,,,,,,,,,,,,,,,,160,,#1,,,,,,Lötschental Lötschberg-Aletsch Simplon Schweiz : Vogelschaukarte = Lötschental Lötschberg-Aletsch Simplon Svizzera : carta a volo d'uccello = Lötschental Lötschberg-Aletsch Simplon Suisse : carte à vol d'oiseau = Lötschental Lötschberg-Aletsch Simplon Switzerland : bird's eye map,,,A. Trüb & Co.,,,,,,ger,,,,,,,,,,,,,,,,,
2,,,3912595,"Bern-Lötschberg-Simplon-Bahn = Chemin der fer Berne-Lœtschberg-Simplon, 1978",Bern-Lötschberg-Simplon-Bahn = Chemin der fer Berne-Lœtschberg-Simplon,Ger fre eng dut,,1978,,,,,,,,,,,,,,,,160,,#1,,,,,,Lötschberg Switzerland : bird's eye map = Lötschberg Zwitserland : Overzichtskaart = Lötschberg Schweiz : Vogelschaukarte = Lötschberg Suisse : carte à vol d'oiseau,,,Trüb AG Aarau,,,,,,ger,,,,,,,,,,,,,,,,,
2,,,3912596,"Bern-Lötschberg-Simplon-Bahn Schweiz : Vogelschaukarte = Berne-Lœtschberg-Simplon Suisse : Carte à vol d'oiseau, 1975",Bern-Lötschberg-Simplon-Bahn Schweiz : Vogelschaukarte = Berne-Lœtschberg-Simplon Suisse : Carte à vol d'oiseau,Ger fre,,1975,,,,,,,,,,,,,,,,160,,#1,,,,,,Gantrisch Schwarzenburgerland Gurbetal Suisse : carte à vol d'oiseau avec projects d'excursions = Gantrischgebiet Schwarzenburgerland Gürbetal Schweiz : Vogelschaukarte mit Wandervorschlägen,,,A. Trüb & Cie.,,,,,,ger,,,,,,,,,,,,,,,,,
2,,,3912598,"Bern-Lötschberg-Simplon-Bahn und Schiffsbetrieb Thuner- und Brienzersee = Berne-Loetschberg-Simplon et navigation sur les lacs de Thoune et de Brienz, 1980",Bern-Lötschberg-Simplon-Bahn und Schiffsbetrieb Thuner- und Brienzersee = Berne-Loetschberg-Simplon et navigation sur les lacs de Thoune et de Brienz,Ger ita fre eng,,1980,,,,,,,,,,,,,,,,160,,#1,,,,,,Thunersee und Brienzersee Schweiz : Vogelschaukarte mit Wandervorschlägen = Thunersee und Brienzersee Svizzera : carta a volo d'uccello con consigli per passeggiate = Lac de Thoune et Lac de Brienz Suisse : carte à vol d'oiseau avec projects d'excursions = Lac de Thoune et Lac de Brienz Switzerland : bird's eye map with proposals for excursions,,,A. Trüb & Cie.,,,,,,ger,,,,,,,,,,,,,,,,,
2,,,3912597,"Bern-Lötschberg-Simplon-Bahn und Simmentalbahn = Berne-Lœtschberg-Simplon et Spiez-Erlenbach-Zweisimmen, 1980",Bern-Lötschberg-Simplon-Bahn und Simmentalbahn = Berne-Lœtschberg-Simplon et Spiez-Erlenbach-Zweisimmen,Ger dut fre eng,,1980,,,,,,,,,,,,,,,,160,,#1,,,,,,Simmental Saanenland Kandertal Schweiz : Vogelschaukarte mit Wandervorschlägen = Simmental Saanenland Kandertal Zwitserland : Overzichtskaart met tips voor uitstapjes = Simmental Saanenland Kandertal Suisse : carte à vol d'oiseau avec projects d'excursions = Simmental Saanenland Kandertal Switzerland : bird's eye map with proposals for excursions,,,A. Trüb & Co.,,,,,,ger,,,,,,,,,,,,,,,,,
2,,,3912599,"Bern-Neuenburg-Bahn = Berne-Neuchâtel, 1981",Bern-Neuenburg-Bahn = Berne-Neuchâtel,Ger fre,,1981,,,,,,,,,,,,,,,,160,,#1,,,,,,Forst Frienisberg Seeland Jura Suisse : carte à vol d'oiseau avec projects d'excursions = Forst Frienisberg Seeland Jura Schweiz : Vogelschaukarte mit Wandervorschlägen,,,A. Trüb & Cie.,,,,,,ger,,,,,,,,,,,,,,,,,
2,,,3912902,"Bilingual map of greater Tokyo, 1954",Bilingual map of greater Tokyo,Eng jpn,,1954,,,,,,,,,,,,,,,,237,,#1,,,,,,Bilingual map of greater Tokyo,,,Charles E. Tuttle Co. ; King Associates,,,,,,eng,,,,,,,,,,,,,,,,,
2,,,3912371,"Brussel-Oostende, 1952",Brussel-Oostende,Dut fre,,1952,,,,,,,,,,,,,,,,233,,#1,,,,,,Bruxelles-Ostende,,,[publisher not identified],,,,,,dut,,,,,,,,,,,,,,,,,
2,,,3912377,"Bruxelles : plan = Brussel : town map = Brussel : plattegrond = Brussel : Stadtplan, 1968",Bruxelles : plan = Brussel : town map = Brussel : plattegrond  = Brussel : Stadtplan,Fre eng dut ger,,1968,,,,,,,,,,,,,,,,233,,#1,,,,,,Bruxelles : map = Bruxelles : plan = Brussel : plan = Brussel : plattegrond,,,Hallwag Bern,,,,,,fre,,,,,,,,,,,,,,,,,
2,,,3923824,"Buenos Aires, [between 1950 and 1959?]",Buenos Aires,eng spa,[between 1950 and 1959?],,,,,,,,,,,,,,,,,169,,#1,,,,,,Bienvenido a Buenos Aires,,,Direccion Nacional de Turismo,,,,,,spa,,,,,,,,,,,,,,,,,
2,,,3923630,"Caribbean with the Bahamas and Bermuda = Mar Caribe y las islas Bahamas y Bermuda = Mer des Caraïbes et les iles Bahamas et Bermudes, 1962",Caribbean with the Bahamas and Bermuda = Mar Caribe y las islas Bahamas y Bermuda = Mer des Caraïbes et les iles Bahamas et Bermudes,eng fre spa,,1962,,,,,,,,,,,,,,,,168,,#1,,,,,,Caribbean with the Bahamas and Bermuda = Mar Caribe y las islas Bahamas y Bermuda,,,General Drafting Company,,,,,,eng,,,,,,,,,,,,,,,,,
2,,,3923631,"Caribbean with the Bahamas and Bermuda = Mar Caribe y las islas Bahamas y Bermuda = Mer des Caraïbes et les iles Bahamas et Bermudes, [between 1950 and 1959?]",Caribbean with the Bahamas and Bermuda = Mar Caribe y las islas Bahamas y Bermuda = Mer des Caraïbes et les iles Bahamas et Bermudes,eng fre spa,[between 1950 and 1959?],,,,,,,,,,,,,,,,,168,,#1,,,,,,Caribbean with the Bahamas and Bermuda = Mar Caribe y las islas Bahamas y Bermuda,,,General Drafting Company,,,,,,eng,,,,,,,,,,,,,,,,,
2,,,3923632,"Caribbean with the Bahamas and Bermuda = Mar Caribe y las islas Bahamas y Bermuda = Mer des Caraïbes et les iles Bahamas et Bermudes, 1962",Caribbean with the Bahamas and Bermuda = Mar Caribe y las islas Bahamas y Bermuda = Mer des Caraïbes et les iles Bahamas et Bermudes,eng fre spa,,1962,,,,,,,,,,,,,,,,168,,#1,,,,,,Caribbean with the Bahamas and Bermuda = Mar Caribe y las islas Bahamas y Bermuda,,,General Drafting Company,,,,,,eng,,,,,,,,,,,,,,,,,
2,,,3913279,"Carte de la cité de Québec et les environs Qubec avec Ste. Foy - Sillery, [between 1960 and 1969?]",Carte de la cité de Québec et les environs Qubec avec Ste. Foy - Sillery,eng fre,[between 1960 and 1969?],,,,,,,,,,,,,,,,,164,,#1,,,,,,Carte et le guide du renseignement de la cite de Quebec et les environs Quebec avec Ste. Foy-Sillery avec un index des rues = Map and directory of information Quebec and vicinity Quebec with Ste. Foy-Sillery with indexed streets,,,Map Corporation of America,,,,,,eng,,,,,,,,,,,,,,,,,
2,,,3913269,"Carte de la cité de Québec et ses environs Québec, [between 1950 and 1959?]",Carte de la cité de Québec et ses environs Québec,eng fre,[between 1950 and 1959?],,,,,,,,,,,,,,,,,226,,#1,,,,,,Carte de la cité de Québec et ses environs de la province de Québec avec un index des rues = Map Québec and vincinity with indexed streets,,,Map Corporation of America,,,,,,fre,,,,,,,,,,,,,,,,,
2,,,3913299,"Carte de la cite de Sherbrooke Quebec, [1955?]",Carte de la cite de Sherbrooke Quebec,eng fre,[1955?],,,,,,,,,,,,,,,,,164,,#1,,,,,,Carte et le guide du renseignement de la cite de Sherbrooke Quebec et carte routiere des cantons de l'est avec un index des rues = Map and directory of information Sherbrooke Quebec and roadmap of the eastern townships with indexed streets ,,,Map Corporation of America,,,,,,eng,,,,,,,,,,,,,,,,,
2,,,3923647,"Carte de La Republique d'Haiti ; Mapa de la Republica Domincana, [between 1948 and 1950?]",Carte de La Republique d'Haiti ; Mapa de la Republica Domincana,spa fre,[between 1948 and 1950?],,,,,,,,,,,,,,,,,168,,#1,,,,,,Carte de la Republique d'Haiti,,,General Drafting Company,,,,,,fre,,,,,,,,,,,,,,,,,
2,,,3923648,"Carte de La Republique d'Haiti ; Mapa de la Republica Domincana, [between 1948 and 1950?]",Carte de La Republique d'Haiti ; Mapa de la Republica Domincana,spa fre,[between 1948 and 1950?],,,,,,,,,,,,,,,,,168,,#1,,,,,,Carte de la Republique d'Haiti,,,General Drafting Company,,,,,,fre,,,,,,,,,,,,,,,,,
2,,,3913169,"Carte de vacances Québec et la Gaspésie = Québec et la Gaspésie holiday guide, 1959",Carte de vacances Québec et la Gaspésie = Québec et la Gaspésie holiday guide,eng fre,,1959,,,,,,,,,,,,,,,,163,,#1,,,,,,Visit Quebec and romantic Gaspé Peninsula = Visitez Québec et la merveilleuse Péninsule Gaspésienne,,,"Charrier & Dugal, Inc.",,,,,,eng,,,,,,,,,,,,,,,,,
2,,,3913305,"Carte des cités des Trois-Rivières et du Cap-de-la-Madeleine Québec, [between 1950 and 1959?]",Carte des cités des Trois-Rivières et du Cap-de-la-Madeleine Québec,eng fre,[between 1950 and 1959?],,,,,,,,,,,,,,,,,164,,#1,,,,,,Carte et le guide du renseignement de la cite de Trois-Rivieres et ses environs Quebec avec Cap-de-la-Madeleine - Grand'Mere Shawinigan Falls avec un index des rues = Map and directory of information Trois-Rivieres and vicinity Quebec with Cap-de-la-Madeleine - Grand'Mere Shawinigan Falls with indexed streets,,,Map Corporation of America,,,,,,fre,,,,,,,,,,,,,,,,,
2,,,3913252,"Carte des rue de Québec = Street map of Québec, 1985",Carte des rue de Québec = Street map of Québec,eng fre,,1985,,,,,,,,,,,,,,,,164,,#1,,,,,,Quebec City,,,H.M. Gousha Co.,,,,,,fre,,,,,,,,,,,,,,,,,
2,,,3913274,"Carte des rue de Québec = Street map of Québec, 1960",Carte des rue de Québec = Street map of Québec,eng fre,,1960,,,,,,,,,,,,,,,,164,,#1,,,,,,Shell street guide and map of Quebec and vicinity,,,H.M. Gousha Co.,,,,,,fre,,,,,,,,,,,,,,,,,
2,,,3913284,"Carte des rue de Québec = Street map of Québec, 1963",Carte des rue de Québec = Street map of Québec,eng fre,,1963,,,,,,,,,,,,,,,,164,,#1,,,,,,Quebec City,,,"Gousha Maps of Canada, Ltd.",,,,,,fre,,,,,,,,,,,,,,,,,
2,,,3913171,"Carte du Grand Chicoutimi comprenant Chicoutimi Chicoutimi - Nord Riviere - du - Moulin Quebec, [between 1960 and 1969?]",Carte du Grand Chicoutimi comprenant Chicoutimi Chicoutimi - Nord Riviere - du - Moulin Quebec,eng fre,[between 1960 and 1969?],,,,,,,,,,,,,,,,,163,,#1,,,,,,Carte et le guide du renseignement de la ville de Chicoutimi et ses environs Quebec = Map and directory of information Chicoutimi and vicinity Quebec,,,Map Corporation of America,,,,,,eng,,,,,,,,,,,,,,,,,
2,,,3912326,"Carte routiere de la Belgique et du Grand-Duché de Luxembourg = Wegenkaart van België en het Groothertogdom Luxemburg, [between 1950 and 1959?]",Carte routiere de la Belgique et du Grand-Duché de Luxembourg = Wegenkaart van België en het Groothertogdom Luxemburg,Fre dut,[between 1950 and 1959?],,,,,,,,,,,,,,,,,232,,#1,,,,,,Belgique Luxembourg = België Luxemburg,,,BP ; Mercedes,,,,,,fre,,,,,,,,,,,,,,,,,
2,,,3913364,"Carte routière du Ontario = Highway map of Ontario, [between 1960 and 1969?]",Carte routière du Ontario = Highway map of Ontario ,eng fre,[between 1960 and 1969?],,,,,,,,,,,,,,,,,164,,#1,,,,,,Province of Ontario road map,,,H.M. Gousha Company,,,,,,fre,,,,,,,,,,,,,,,,,
2,,,3913136,"Carte routière et touristique de la province de Quebec, 1957",Carte routière et touristique de la province de Quebec,eng fre,,1957,,,,,,,,,,,,,,,,225,,#1,,,,,,Road map of Quebec a map of Ontario on reverse,,,Rolph-Clark-Stone Limited,,,,,,eng,,,,,,,,,,,,,,,,,
2,,,3913140,"Carte routière et touristique de la province de Québec, [between 1960 and 1969?]",Carte routière et touristique de la province de Québec,eng fre,[between 1960 and 1969?],,,,,,,,,,,,,,,,,225,,#1,,,,,,Quebec road map,,,British America Oil Company.,,,,,,eng,,,,,,,,,,,,,,,,,
2,,,3913159,"Carte routiére et touristique de la province de Quèbec = Tourist and highway map of the province de Québec, 1963",Carte routiére et touristique de la province de Quèbec = Tourist and highway map of the province de Québec ,eng fre,,1963,,,,,,,,,,,,,,,,225,,#1,,,,,,Province de Québec carte routière road map ,,,"Québec (Province). Department of Tourism, Fish and Game",,,,,,fre,,,,,,,,,,,,,,,,,
2,,,3913160,"Carte routiére et touristique de la province de Quèbec = Tourist and highway map of the province de Québec, [between 1960 and 1969?]",Carte routiére et touristique de la province de Quèbec = Tourist and highway map of the province de Québec ,eng fre,[between 1960 and 1969?],,,,,,,,,,,,,,,,,225,,#1,,,,,,Province de Québec carte routière road map ,,,"Québec (Province). Department of Tourism, Fish and Game",,,,,,fre,,,,,,,,,,,,,,,,,
2,,,3913161,"Carte routiére et touristique de la province de Quèbec = Tourist and highway map of the province de Québec, 1959",Carte routiére et touristique de la province de Quèbec = Tourist and highway map of the province de Québec ,eng fre,,1959,,,,,,,,,,,,,,,,225,,#1,,,,,,Carte de la province de Québec = Map of la province de Québec,,,Québec (Province). Provincial Publicity Bureau. Tourist Branch,,,,,,fre,,,,,,,,,,,,,,,,,
2,,,3913162,"Carte routiére et touristique de la province de Quèbec = Tourist and highway map of the province de Québec, 1958",Carte routiére et touristique de la province de Quèbec = Tourist and highway map of the province de Québec ,eng fre,,1958,,,,,,,,,,,,,,,,225,,#1,,,,,,Carte de la province de Québec 1958 = Map of la province de Québec 1958,,,Québec (Province). Provincial Publicity Bureau. Tourist Branch,,,,,,fre,,,,,,,,,,,,,,,,,
2,,,3913163,"Carte routiére et touristique de la province de Quèbec = Tourist and highway map of the province de Québec, 1957",Carte routiére et touristique de la province de Quèbec = Tourist and highway map of the province de Québec ,eng fre,,1957,,,,,,,,,,,,,,,,225,,#1,,,,,,Province de Québec,,,Québec (Province). Provincial Publicity Bureau. Tourist Branch,,,,,,fre,,,,,,,,,,,,,,,,,
2,,,3913164,Carte routiére et touristique de la province de Quèbec = Tourist and highway map of the province de Québec ,Carte routiére et touristique de la province de Quèbec = Tourist and highway map of the province de Québec ,eng fre,,1956,,,,,,,,,,,,,,,,225,,#1,,,,,,Carte de la province de Québec = Map of la province de Québec ,,,Québec (Province). Provincial Publicity Bureau. Tourist Branch,,,,,,fre,,,,,,,,,,,,,,,,,
2,,,3913165,Carte routiére et touristique de la province de Quèbec = Tourist and highway map of the province de Québec ,Carte routiére et touristique de la province de Quèbec = Tourist and highway map of the province de Québec ,eng fre,[between 1950 and 1959?],,,,,,,,,,,,,,,,,225,,#1,,,,,,Carte de la province de Québec = Map of la province de Québec ,,,Québec (Province). Provincial Publicity Bureau. Tourist Branch,,,,,,fre,,,,,,,,,,,,,,,,,
2,,,3913166,Carte routiére et touristique de la province de Quèbec = Tourist and highway map of the province de Québec ,Carte routiére et touristique de la province de Quèbec = Tourist and highway map of the province de Québec ,eng fre,,1958,,,,,,,,,,,,,,,,225,,#1,,,,,,Carte de la province de Québec 1958 = Map of la province de Québec 1958,,,Québec (Province). Provincial Publicity Bureau. Tourist Branch,,,,,,fre,,,,,,,,,,,,,,,,,
2,,,3913130,Carte routiére et touristique de la province de Quèbec = Tourist and highway map of the province de Québec ,Carte routière et touristique de la province de Québec = Tourist and highway map of the province of Québec ,eng fre,,1950,,,,,,,,,,,,,,,,225,,#1,,,,,,Province de Québec,,,"Provincial Publicity Bureau, Quebec.",,,,,,fre,,,,,,,,,,,,,,,,,
2,,,3913134,Carte routiére et touristique de la province de Quèbec = Tourist and highway map of the province de Québec ,Carte routière et touristique de la province de Québec = Tourist and highway map of the province of Québec ,eng fre,,1953,,,,,,,,,,,,,,,,225,,#1,,,,,,La province de Québec,,,Province of Quebec Tourist Bureau,,,,,,fre,,,,,,,,,,,,,,,,,
2,,,3913167,"Carte routiére et touristique de la province de Quèbec 1930 = Tourist and highway map of the province de Québec 1930, 1930",Carte routiére et touristique de la province de Quèbec 1930 = Tourist and highway map of the province de Québec 1930,eng fre,,1930,,,,,,,,,,,,,,,,225,,#1,,,,,,Province de Québec Canada carte routière et touristique 1930 = Province of Québec Canada highway and tourist map 1930,,,Québec (Province). Provincial Publicity Bureau. Tourist Branch,,,,,,fre,,,,,,,,,,,,,,,,,
2,,,3913104,"Carte routière Quebec = Road map of Quebec ; Road map of Maritime Provinces, 1962",Carte routière Quebec = Road map of Quebec ; Road map of Maritime Provinces,eng fre,,1962,,,,,,,,,,,,,,,,225,,#1,,,,,,Quebec et les Provinces Maritimes = Maritime Provinces and Quebec,,,Rolph-Clark-Stone Limited,,,,,,fre,,,,,,,,,,,,,,,,,
2,,,3913218,"Cartes des lignes = Route map, 1963",Cartes des lignes = Route map,eng fre,,1963,,,,,,,,,,,,,,,,163,,#1,,,,,,Cartes des lignes = Route map,,,Montreal Transportation Commission,,,,,,fre,,,,,,,,,,,,,,,,,
2,,,3913231,"Cartes des rue de Montréal et environs = Street map of Montréal and vincinity, 1971",Cartes des rue de Montréal et environs = Street map of Montréal and vincinity ,eng fre,,1971,,,,,,,,,,,,,,,,164,,#1,,,,,,Montréal,,,Grant-Mann Lithographers Limited.,,,,,,fre,,,,,,,,,,,,,,,,,
2,,,3913236,"Cartes des rue de Montréal et environs = Street map of Montréal and vincinity, 1985",Cartes des rue de Montréal et environs = Street map of Montréal and vincinity ,eng fre,,1985,,,,,,,,,,,,,,,,164,,#1,,,,,,Montreal,,,H.M. Gousha Co.,,,,,,fre,,,,,,,,,,,,,,,,,
2,,,3912400,"CentralKøbenhaven = Copenhagen (the central area), 1969",CentralKøbenhaven = Copenhagen (the central area),Dut eng,,1969,,,,,,,,,,,,,,,,233,,#1,,,,,,Central-København turistkort = Copenhagen tourist map : the central area,,,Geodætisk Intitut,,,,,,eng,,,,,,,,,,,,,,,,,
2,,,3913209,"Centre de Montréal = Heart of Montreal, [between 1960 and 1969?]",Centre de Montréal = Heart of Montreal,eng fre,[between 1960 and 1969?],,,,,,,,,,,,,,,,,226,,#1,,,,,,Montréal,,,Economic Developmental Bureau of the City of Montreal,,,,,,fre,,,,,,,,,,,,,,,,,
2,,,3913220,"Centre de Montréal = Heart of Montreal, [1964?]",Centre de Montréal = Heart of Montreal,eng fre,[1964?],,,,,,,,,,,,,,,,,226,,#1,,,,,,Montréal,,,Economic Developmental Bureau of the City of Montreal,,,,,,fre,,,,,,,,,,,,,,,,,
2,,,3913254,"Centre-ville Quèbec = Quèbec mid-town, [1983?]",Centre-ville Quèbec = Quèbec mid-town,eng fre,[1983?],,,,,,,,,,,,,,,,,164,,#1,,,,,,Région de Québec carte touristique = Québec region tourist map,,,Ministère de l'Industrie du Commerce et du Tourisme,,,,,,fre,,,,,,,,,,,,,,,,,
2,,,3913172,"Chicoutimi, [between 1960 and 1969?]",Chicoutimi,eng fre,[between 1960 and 1969?],,,,,,,,,,,,,,,,,226,,#1,,,,,,Plan touristique de Chicoutimi = Chicoutimi Tourist Plan,,,Sagueay and Lake St. John Toursit Association,,,,,,eng,,,,,,,,,,,,,,,,,
2,,,3913265,"Cité de Québec, [between 1950 and 1959?]",Cité de Québec,eng fre,[between 1950 and 1959?],,,,,,,,,,,,,,,,,226,,#1,,,,,,Tourist map of Québec = Plan touristique de Québec,,,Quebec Municipal Tourist Bureau,,,,,,fre,,,,,,,,,,,,,,,,,
2,,,3913267,"Cité de Québec, [between 1950 and 1959?]",Cité de Québec,eng fre,[between 1950 and 1959?],,,,,,,,,,,,,,,,,226,,#1,,,,,,Tourist map of Québec = plan touristique de Québec,,,Quebec Municipal Tourist and Industrial Bureau,,,,,,fre,,,,,,,,,,,,,,,,,
2,,,3913268,"Cité de Québec, [between 1950 and 1959?]",Cité de Québec,eng fre,[between 1950 and 1959?],,,,,,,,,,,,,,,,,226,,#1,,,,,,Tourist map of Québec = plan touristique de Québec,,,Quebec Municipal Tourist and Industrial Bureau,,,,,,fre,,,,,,,,,,,,,,,,,
2,,,3912092,"City of London, 1963",City of London,Eng fre ger,,1963,,,,,,,,,,,,,,,,230,,#1,,,,,,Geographers' map of the city of London,,,Geographers' Map Co. Ltd.,,,,,,eng,,,,,,,,,,,,,,,,,
2,,,3913417,"City of Ottawa, 1967",City of Ottawa,eng fre,,1967,,,,,,,,,,,,,,,,227,,#1,,,,,,Tourist map Ottawa = Carte touristique Ottawa,,,City of Ottowa,,,,,,eng,,,,,,,,,,,,,,,,,
2,,,3913418,"City of Ottawa, 1964",City of Ottawa,eng fre,,1964,,,,,,,,,,,,,,,,227,,#1,,,,,,Tourist map Ottawa = Carte touristique Ottawa,,,City of Ottowa,,,,,,eng,,,,,,,,,,,,,,,,,
2,,,3912383,"Danmark, [between 1961 and 1987?]",Danmark,Dan eng,[between 1961 and 1987?],,,,,,,,,,,,,,,,,158,,#1,,,,,,Danmark,,,"Geodætisk Institut ; [General Drafting Co., Inc.?]",,,,,,dan,,,,,,,,,,,,,,,,,
2,,,3912384,"Danmark = Denmark, 1958",Danmark = Denmark,Dan eng,,1958,,,,,,,,,,,,,,,,158,,#1,,,,,,Danmark,,,"Geodætisk Institut ; General Drafting Co., Inc.",,,,,,dan,,,,,,,,,,,,,,,,,
2,,,3912489,"Deutschland Bundesrepublik und Mitteldeutschland, 1962",Deutschland Bundesrepublik und Mitteldeutschland,Ger fre eng swe,,1962,,,,,,,,,,,,,,,,159,,#1,,,,,,,,,Karl Thiemig KG,,,,,,ger,,,,,,,,,,,,,,,,,
2,,,3923643,"Domincan Republic, 1995",Domincan Republic,eng fre ger ita spa,,1995,,,,,,,,,,,,,,,,229,,#1,,,,,,Dominican Republic road map,,,Berndtson & Berndtson,,,,,,eng,,,,,,,,,,,,,,,,,
2,,,3923644,"Domincan Republic, 1996",Domincan Republic,eng fre ger ita spa,,1996,,,,,,,,,,,,,,,,229,,#1,,,,,,Dominican Republic road map,,,Berndtson & Berndtson,,,,,,eng,,,,,,,,,,,,,,,,,
2,,,3912705,"España - Portugal, 1956",España - Portugal,Eng spa,,1956,,,,,,,,,,,,,,,,160,,#1,,,,,,España Portugal,,,"General Drafting Co., Inc.",,,,,,eng,,,,,,,,,,,,,,,,,
2,,,3912012,"Europe : roads and places of interest = Europe : routes et curiosités = Europa : Strassen und Sehenswürdigkeiten, 1973",Europe : roads and places of interest = Europe : routes et curiosités = Europa : Strassen und Sehenswürdigkeiten,Dut ger eng fre,,1973,,,,,,,,,,,,,,,,230,,#1,,,,,,,,,Mairs Geographischer Verlag,,,,,,dut,,,,,,,,,,,,,,,,,
2,,,3912011,"Europe = Europa, [between 1970 and 1979?]",Europe = Europa,Fre eng ger dut ita spa,[between 1970 and 1979?],,,,,,,,,,,,,,,,,230,,#1,,,,,,,,,Fina ; R. de Rouck,,,,,,fre,,,,,,,,,,,,,,,,,
2,,,3912824,"Europe: road map = Europa : carte routiere 28 = Europa : Strassenkarte, 1954",Europe: road map = Europa : carte routiere 28 = Europa : Strassenkarte,Fre eng ita ger dut spa por swe,,1954,,,,,,,,,,,,,,,,237,,#1,,,,,,,,,Alliance Internationale de Tourisme,,,,,,fre,,,,,,,,,,,,,,,,,
2,,,3912723,"Excursiones = sightseeing, 1962",Excursiones = sightseeing,Spa eng fre,,1962,,,,,,,,,,,,,,,,160,,#1,,,,,,,,,"Viajes Viking, S. A.",,,,,,spa,,,,,,,,,,,,,,,,,
2,,,3912712,"Excursiones = Sightseeings = Rundfahrt = Excursions : Madrid, [between 1970 and 1979?]",Excursiones = Sightseeings = Rundfahrt = Excursions : Madrid,Spa eng fre,[between 1970 and 1979?],,,,,,,,,,,,,,,,,160,,#1,,,,,,,,,Meliá,,,,,,spa,,,,,,,,,,,,,,,,,
2,,,3923899,"Expo 67 : Exposition Universelle et Internationale, 1967",Expo 67 : Exposition Universelle et Internationale,Eng fre,,1967,,,,,,,,,,,,,,,,240,,#1,,,,,,,,,Centennial of Canadian Confederation,,,,,,eng,,,,,,,,,,,,,,,,,
2,,,3913226,"Expo67 [Montreal], 1967",Expo67 [Montreal],eng fre,,1967,,,,,,,,,,,,,,,,164,,#1,,,,,,Expo67 [Montreal],,,Rolph-Clark-Stone Limited,,,,,,fre,,,,,,,,,,,,,,,,,
2,,,3913225,"Expo67 Montréal, Canada, 1967","Expo67 Montréal, Canada",eng fre,,1967,,,,,,,,,,,,,,,,164,,#1,,,,,,Expo67 universal and international exhibition Montreal 1967,,,H.M. Gousha Co.,,,,,,fre,,,,,,,,,,,,,,,,,
2,,,3913238,"Expo67 Montréal, Canada, 1967","Expo67 Montréal, Canada",eng fre,,1967,,,,,,,,,,,,,,,,164,,#1,,,,,,,,,General Drafting Company,,,,,,fre,,,,,,,,,,,,,,,,,
2,,,3912820,"Frohe Fahrt durch Österreich = Map of Austria = Carte d'Austriche, 1959",Frohe Fahrt durch Österreich = Map of Austria = Carte d'Austriche,Ger eng fre,,1959,,,,,,,,,,,,,,,,161,,#1,,,,,,,,,G.M. Prutscher,,,,,,ger,,,,,,,,,,,,,,,,,
2,,,3913173,"General plan of the city of Drummondville and of the greater Drummondville = Plan general de la cite de Drummondville et du grand Drummondville, 1966",General plan of the city of Drummondville and of the greater Drummondville = Plan general de la cite de Drummondville et du grand Drummondville,eng fre,,1966,,,,,,,,,,,,,,,,163,,#1,,,,,,Drummond-Ville Québec/Canada,,,Canadian Marconi Company,,,,,,eng,,,,,,,,,,,,,,,,,
2,,,3913174,"General plan of the city of Drummondville and of the greater Drummondville = Plan general de la cite de Drummondville et du grand Drummondville, 1966",General plan of the city of Drummondville and of the greater Drummondville = Plan general de la cite de Drummondville et du grand Drummondville,eng fre,,1966,,,,,,,,,,,,,,,,163,,#1,,,,,,Drummond-Ville Québec/Canada,,,Canadian Marconi Company,,,,,,eng,,,,,,,,,,,,,,,,,
2,,,3912754,"Genova, 1961",Genova,ita eng fre ger spa,,1961,,,,,,,,,,,,,,,,236,,#1,,,,,,Pianta monumentale di Genova = Plan of central Genoa and its monuments = Plan de gênes monumentale = Mapa de Génova monumental = Stadtplan von Genua mit seinen Denkmälern und Bauten,,,Studio Cartografico Ligure,,,,,,ita,,,,,,,,,,,,,,,,,
2,,,3912980,"Gros Morne national park Newfoundland = Parc national du Gros Morne, 1990",Gros Morne national park Newfoundland = Parc national du Gros Morne,eng fre,,1990,,,,,,,,,,,,,,,,162,,#1,,,,,,Gros Morne national park Newfoundland = Parc national due Gros Morne Terre-Neuve,,,Canada. Minister of Supply and Services Canada,,,,,,eng,,,,,,,,,,,,,,,,,
2,,,3923902,"Guia de información y plano de La Habana, 1947",Guia de información y plano de La Habana,Eng spa,,1947,,,,,,,,,,,,,,,,240,,#1,,,,,,,,,[publisher not identified],,,,,,spa,,,,,,,,,,,,,,,,,
2,,,3912879,"Hashemite Kingdom of Jordan tourist map ; Jerusalem (Old City & environs) ; Bethlehem, 1962",Hashemite Kingdom of Jordan tourist map ; Jerusalem (Old City & environs) ; Bethlehem,Eng ara,,1962,,,,,,,,,,,,,,,,237,,#1,,,,,,,,,Department of Lands and Surveys,,,,,,eng,,,,,,,,,,,,,,,,,
2,,,3912515,"Heidelberg, 1964",Heidelberg,Eng ger,,1964,,,,,,,,,,,,,,,,159,,#1,,,,,,,,,Fremdenverkehrsamt Heidelberg ; Magin,,,,,,eng,,,,,,,,,,,,,,,,,
2,,,3912516,"Heidelberg, 1964",Heidelberg,Eng ger,,1964,,,,,,,,,,,,,,,,159,,#1,,,,,,,,,Fremdenverkehrsamt Heidelberg ; Magin,,,,,,eng,,,,,,,,,,,,,,,,,
2,,,3912464,"Helsingin yleiskartta = Helsingfors översiktskarta, 1966",Helsingin yleiskartta = Helsingfors översiktskarta,Fin swe,,1966,,,,,,,,,,,,,,,,159,,#1,,,,,,,,,Hankintatoimisto,,,,,,fin,,,,,,,,,,,,,,,,,
2,,,3912460,"Helsinki = Helsingfors, 1966",Helsinki = Helsingfors,Eng swe ger fre,,1966,,,,,,,,,,,,,,,,159,,#1,,,,,,,,,[publisher not identified],,,,,,eng,,,,,,,,,,,,,,,,,
2,,,3912461,"Helsinki = Helsingfors, 1966",Helsinki = Helsingfors,Eng swe ger fre,,1966,,,,,,,,,,,,,,,,159,,#1,,,,,,,,,[publisher not identified],,,,,,eng,,,,,,,,,,,,,,,,,
2,,,3912458,"Helsinki = Helsingfors : 400 vuotta = 400 år = 400 years, 1950",Helsinki = Helsingfors : 400 vuotta = 400 år = 400 years,Eng swe fin,,1950,,,,,,,,,,,,,,,,159,,#1,,,,,,,,,[publisher not identified],,,,,,fin,,,,,,,,,,,,,,,,,
2,,,3912459,"Helsinki = Helsingfors : 400 vuotta = 400 år = 400 years, 1951 - 1952",Helsinki = Helsingfors : 400 vuotta = 400 år = 400 years,Eng swe fin,,1951,,,1952,,,,,,,,,,,,,159,,#1,,,,,,,,,[publisher not identified],,,,,,eng,,,,,,,,,,,,,,,,,
2,,,3912463,"Helsinki metropolitan area : Helsinki Espoo Kauniainen Vantaa, 1991",Helsinki metropolitan area : Helsinki Espoo Kauniainen Vantaa,Fin swe,,1991,,,,,,,,,,,,,,,,159,,#1,,,,,,,,,Kaupunkimittausosasto,,,,,,fin,,,,,,,,,,,,,,,,,
2,,,3923719,"Highway map of Mexico = Carta de carreteras de Mexico, 1954",Highway map of Mexico = Carta de carreteras de Mexico,eng spa,,1954,,,,,,,,,,,,,,,,168,,#1,,,,,,Map of Mexico,,,H.M. Gousha Co.,,,,,,eng,,,,,,,,,,,,,,,,,
2,,,3923720,"Highway map of Mexico = Carta de carreteras de Mexico, 1956",Highway map of Mexico = Carta de carreteras de Mexico,eng spa,,1956,,,,,,,,,,,,,,,,168,,#1,,,,,,Map of Mexico,,,H.M. Gousha Co.,,,,,,eng,,,,,,,,,,,,,,,,,
2,,,3923733,"Highway map of Mexico = Carta de carreteras de Mexico, 1956",Highway map of Mexico = Carta de carreteras de Mexico,eng spa,,1956,,,,,,,,,,,,,,,,169,,#1,,,,,,Highways in Mexico = Caminos de Mexico,,,H.M. Gousha Co.,,,,,,eng,,,,,,,,,,,,,,,,,
2,,,3913126,"Highway map of Québec = Carte routière du Québec, 1947",Highway map of Québec = Carte routière du Québec,eng fre,,1947,,,,,,,,,,,,,,,,163,,#1,,,,,,Shell map of Quebec,,,H.M. Gousha Co.,,,,,,eng,,,,,,,,,,,,,,,,,
2,,,3913131,"Highway map of Québec = Carte routière du Québec ; Maritime Provinces = Provinces Maritimes, 1950",Highway map of Québec = Carte routière du Québec ; Maritime Provinces = Provinces Maritimes,eng fre,,1950,,,,,,,,,,,,,,,,163,,#1,,,,,,Shell map of Quebec and Maritime Provinces,,,H.M. Gousha Co.,,,,,,eng,,,,,,,,,,,,,,,,,
2,,,3913132,"Highway map of Québec = Carte routière du Québec ; Maritime Provinces = Provinces Maritimes, [between 1950 and 1959?]",Highway map of Québec = Carte routière du Québec ; Maritime Provinces = Provinces Maritimes,eng fre,[between 1950 and 1959?],,,,,,,,,,,,,,,,,163,,#1,,,,,,Quebec,,,H.M. Gousha Co.,,,,,,eng,,,,,,,,,,,,,,,,,
2,,,3912593,"Im Zentrum von Bern = Au centre de Berne = In the centre of Berne, 1981",Im Zentrum von Bern =  Au centre de Berne = In the centre of Berne,Ger fre eng,,1981,,,,,,,,,,,,,,,,234,,#1,,,,,,,,,Kantonalbank von Bern,,,,,,ger,,,,,,,,,,,,,,,,,
2,,,3912932,"Indien (India ; Inde), 1985",Indien (India ; Inde),eng ger fre,,1985,,,,,,,,,,,,,,,,238,,#1,,,,,,Hildebrand's travel map India,,,Karto-i-Grafik Verlagsgesellschaft mbH,,,,,,eng,,,,,,,,,,,,,,,,,
2,,,3912303,"Ireland, 1966",Ireland,Eng fre ger,,1966,,,,,,,,,,,,,,,,232,,#1,,,,,,Map Ireland = Irland = Irlande,,,Bord Failte = Irish Tourist Board,,,,,,eng,,,,,,,,,,,,,,,,,
2,,,3911931,"Island of Guam highway map, 1982",Island of Guam highway map,eng jpn,,1982,,,,,,,,,,,,,,,,238,,#1,,,,,,Island of Guam highway map = グアム島 ハイウェイ マップ,,,Guam Visitors Bureau,,,,,,eng,,,,,,,,,,,,,,,,,
2,,,3912748,"Italia carta stradale edizione Shell fuori commercio, 1964",Italia carta stradale edizione Shell fuori commercio,eng fre ger ita,,1964,,,,,,,,,,,,,,,,236,,#1,,,,,,Italia carta stradale,,,Shell ; Istituto Geografico de Agostini,,,,,,ita,,,,,,,,,,,,,,,,,
2,,,3912888,"Jan Jan's map of Kowloon 版珍珍圖全龍九文英中, 1960",Jan Jan's map of Kowloon 版珍珍圖全龍九文英中,Eng chi,,1960,,,,,,,,,,,,,,,,161,,#1,,,,,,Jan Jan's map of Kowloon with index,,,Drawn by Chan King Hon ; revised by Wong Chok Sun,,,,,,eng,,,,,,,,,,,,,,,,,
2,,,3912954,"Johannesburg, 1981",Johannesburg,Eng dut,,1981,,,,,,,,,,,,,,,,161,,#1,,,,,,Johannesburg Central-Sentraal,,,Map Studio,,,,,,eng,,,,,,,,,,,,,,,,,
2,,,3912328,"Kaart van Nederland = Map of the Netherlands = Carte des pays-Bas, [between 1940 and 1949?]",Kaart van Nederland = Map of the Netherlands = Carte des pays-Bas,dut eng fre,[between 1940 and 1949?],,,,,,,,,,,,,,,,,158,,#1,,,,,,Kaart van Nederland ,,,Netherlands National Tourist Office,,,,,,dut,,,,,,,,,,,,,,,,,
2,,,3912329,"Kaart van Nederland = Map of the Netherlands = Carte des pays-Bas, [between 1960 and 1969?]",Kaart van Nederland = Map of the Netherlands = Carte des pays-Bas,dut eng fre,[between 1960 and 1969?],,,,,,,,,,,,,,,,,158,,#1,,,,,,Kaart van Nederland,,,Netherlands National Tourist Office,,,,,,dut,,,,,,,,,,,,,,,,,
2,,,3912437,"Karta över Jönköping Huskvarna = Map of Jönköping Huskvarna = Plan de Jönköping Huskvarna = Plan von Jönköping Huskvarna, [between 1980 and 1989?]",Karta över Jönköping Huskvarna = Map of Jönköping Huskvarna = Plan de Jönköping Huskvarna = Plan von Jönköping Huskvarna,Swe eng ger,[between 1980 and 1989?],,,,,,,,,,,,,,,,,159,,#1,,,,,,,,,Tryckeri AB Småland,,,,,,swe,,,,,,,,,,,,,,,,,
2,,,3912867,"Kerkyra (Corfou), 1970",Kerkyra (Corfou),Gre eng ger fre,,1970,,,,,,,,,,,,,,,,237,,#1,,,,,,Kerkyra Corfou ,,,Alma Publications ; Αλεξανδροσ Ματσουκησ [Alexandros Matsoukis],,,,,,gre,,,,,,,,,,,,,,,,,
2,,,3912868,"Kriti, 1971",Kriti,Gre eng fre ger,,1971,,,,,,,,,,,,,,,,237,,#1,,,,,,Tourist map Kriti,,,Chr. Mathioulakis Publication,,,,,,gre,,,,,,,,,,,,,,,,,
2,,,3923660,"Kuba = Cuba, 1994",Kuba = Cuba,eng fre ger ita,,1994,,,,,,,,,,,,,,,,229,,#1,,,,,,Kuba = Cuba,,,Freytag-Berndt u. Artaria,,,,,,ger,,,,,,,,,,,,,,,,,
2,,,3912979,"L'Anse aux Meadows National Historic Park = Parc historique national de L'Anse-aux-Meadows, 1988",L'Anse aux Meadows National Historic Park = Parc historique national de L'Anse-aux-Meadows,eng fre,,1988,,,,,,,,,,,,,,,,162,,#1,,,,,,L'Anse aux Meadows national historic park Newfoundland = L'anse-aux-Meadows parc historique national Terre-Neuve,,,Canada. Minister of Supply and Services Canada,,,,,,eng,,,,,,,,,,,,,,,,,
2,,,3913206,"Le centre de Montréal = the heart of Montréal, 1960",Le centre de Montréal = the heart of Montréal,eng fre,,1960,,,,,,,,,,,,,,,,163,,#1,,,,,,Montréal carte touristique = Montréal tourist map,,,Economic and Tourist Developmental Bureau of the City of Montreal,,,,,,fre,,,,,,,,,,,,,,,,,
2,,,3913208,"Le centre de Montréal = the heart of Montréal, [between 1960 and 1969?]",Le centre de Montréal = the heart of Montréal,eng fre,[between 1960 and 1969?],,,,,,,,,,,,,,,,,163,,#1,,,,,,Carte touristique Montréal = Montréal tourist map,,,Economic Developmental Bureau of the City of Montreal,,,,,,fre,,,,,,,,,,,,,,,,,
2,,,3913240,"Lignes d'autobus de la Commission de Transport de Montréal = Montréal Transportation Commission bus routes, 1960",Lignes d'autobus de la Commission de Transport de Montréal = Montréal Transportation Commission bus routes,eng fre,,1960,,,,,,,,,,,,,,,,226,,#1,,,,,,Carte des lignes = Route Map,,,Montreal Transportation Commission,,,,,,fre,,,,,,,,,,,,,,,,,
2,,,3912334,"Limburg, [between 1960 and 1969?]",Limburg,dut fre eng ger,[between 1960 and 1969?],,,,,,,,,,,,,,,,,158,,#1,,,,,,VVV Provinciekaart Limburg,,,N.V. Illustra,,,,,,dut,,,,,,,,,,,,,,,,,
2,,,3912734,"Lisboa : planta = Lisboa : plan = Lisboa : map, [between 1970 and 1979?]",Lisboa : planta = Lisboa : plan = Lisboa : map,Eng ger spa fre,[between 1970 and 1979?],,,,,,,,,,,,,,,,,236,,#1,,,,,,Lisboa : planta = Lisboa : plan = Lisboa : town map = Lisboa : Stadtplan,,,Hallwag,,,,,,ita,,,,,,,,,,,,,,,,,
2,,,3912855,"Ljubljana, 1972",Ljubljana,Slv fre ita eng tur,,1972,,,,,,,,,,,,,,,,161,,#1,,,,,,,,,Turistični Informacijski Biro,,,,,,slv,,,,,,,,,,,,,,,,,
2,,,3912088,"London, [between 1970 and 1979]",London,Eng fre ger,[between 1970 and 1979],,,,,,,,,,,,,,,,,156,,#1,,,,,,London map,,,Geographia Ltd.,,,,,,eng,,,,,,,,,,,,,,,,,
2,,,3912089,"London, [between 1970 and 1979]",London,Eng fre ger,[between 1970 and 1979],,,,,,,,,,,,,,,,,156,,#1,,,,,,London map,,,Geographia Ltd.,,,,,,eng,,,,,,,,,,,,,,,,,
2,,,3913207,"Lovell's map of Montreal and vicinity, [between 1960 and 1969?]",Lovell's map of Montreal and vicinity,eng fre,[between 1960 and 1969?],,,,,,,,,,,,,,,,,226,,#1,,,,,,Map of Montreal = Carte de Montréal,,,"John Lovell & Son, Limited",,,,,,eng,,,,,,,,,,,,,,,,,
2,,,3913239,"Lovell's map of Montreal and vicinity, [between 1960 and 1969?]",Lovell's map of Montreal and vicinity,eng fre,[between 1960 and 1969?],,,,,,,,,,,,,,,,,226,,#1,,,,,,Map of Montreal = Carte de Montréal,,,"John Lovell & Son, Limited",,,,,,eng,,,,,,,,,,,,,,,,,
2,,,3913293,"Lovell's map of St. Lambert and Longueuil including Greenfield Park Mackayville Jacques Cartier Montreal South Lemoyne Preville, [between 1950 and 1959?]",Lovell's map of St. Lambert and Longueuil including Greenfield Park Mackayville Jacques Cartier Montreal South Lemoyne Preville,eng fre,[between 1950 and 1959?],,,,,,,,,,,,,,,,,164,,#1,,,,,,St. Lambert and Longueuil Lovell's arrow map and street index,,,"John Lovell & Son, Limited",,,,,,eng,,,,,,,,,,,,,,,,,
2,,,3912605,"Lucerne Suisse = Lucerne Schweiz = Lucerne Switzerland, 1958",Lucerne Suisse = Lucerne Schweiz = Lucerne Switzerland,Ger fre eng,,1958,,,,,,,,,,,,,,,,160,,#1,,,,,,,,,[publisher not identified],,,,,,ger,,,,,,,,,,,,,,,,,
2,,,3912606,"Luzern, 1974",Luzern,Ger eng,,1974,,,,,,,,,,,,,,,,160,,#1,,,,,,Plan der Stadt Luzern = Map of Lucerne,,,Kümmerly + Frey,,,,,,ger,,,,,,,,,,,,,,,,,
2,,,3912714,"Madrid : visita de la ciudad = Madrid : visite de la ville = Madrid : city sightseeing, 1962",Madrid : visita de la ciudad = Madrid : visite de la ville = Madrid : city sightseeing,Spa fre eng,,1962,,,,,,,,,,,,,,,,160,,#1,,,,,,,,,A.L.G.,,,,,,spa,,,,,,,,,,,,,,,,,
2,,,3912715,"Madrid : visita de la ciudad = Madrid : visite de la ville = Madrid : city sightseeing, 1962",Madrid : visita de la ciudad = Madrid : visite de la ville = Madrid : city sightseeing,Spa fre eng,,1962,,,,,,,,,,,,,,,,160,,#1,,,,,,,,,A.L.G.,,,,,,spa,,,,,,,,,,,,,,,,,
2,,,3912340,"Map Amsterdam = Stadtplan Amsterdam = Plan de la ville Amsterdam, [between 1960 and 1969?]",Map Amsterdam = Stadtplan Amsterdam = Plan de la ville Amsterdam,eng ger fre,[between 1960 and 1969?],,,,,,,,,,,,,,,,,158,,#1,,,,,,,,,V.V.V. Amsterdam,,,,,,eng,,,,,,,,,,,,,,,,,
2,,,3913192,"Map of greater Montreal Quebec, [between 1950 and 1959?]",Map of greater Montreal Quebec,eng fre,[between 1950 and 1959?],,,,,,,,,,,,,,,,,163,,#1,,,,,,Map of greater Montréal Québec = Carte de Montréal et la banlieue Québec,,,Map Corporation of America,,,,,,eng,,,,,,,,,,,,,,,,,
2,,,3913202,"Map of greater Montreal Quebec, [1957?]",Map of greater Montreal Quebec,eng fre,[1957?],,,,,,,,,,,,,,,,,163,,#1,,,,,,Map and directory of information greater Montreal Quebec with indexed streets = Carte et le guide du renseignement Montreal Quebec avec un index des rues,,,Map Corporation of America,,,,,,eng,,,,,,,,,,,,,,,,,
2,,,3913212,"Map of Greater Montreal Quebec, [between 1960 and 1969?]",Map of greater Montreal Quebec,eng fre,[between 1960 and 1969?],,,,,,,,,,,,,,,,,163,,#1,,,,,,Map and directory of information greater Montreal Quebec with indexed streets = Carte et le guide du renseignement Montreal Quebec avec un index des rues,,,Map Corporation of America,,,,,,eng,,,,,,,,,,,,,,,,,
2,,,3913210,"Map of greater Montreal Quebec, [between 1960 and 1969?]",Map of Greater Montreal Quebec,eng fre,[between 1960 and 1969?],,,,,,,,,,,,,,,,,163,,#1,,,,,,Map of Greater Montréal Québec = Carte de Montréal et la banlieue Québec,,,Map Corporation of America,,,,,,eng,,,,,,,,,,,,,,,,,
2,,,3912892,"Map of Japan = Carte du Japon = Mapa del Japón = Karte von Japan = Mapa do Japão, [between 1960 andf 1965?]",Map of Japan = Carte du Japon = Mapa del Japón = Karte von Japan = Mapa do Japão,Eng fre spa ger por,[between 1960 andf 1965?],,,,,,,,,,,,,,,,,161,,#1,,,,,,Map of Japan = Carte du Japon = Mapa del Japón = Karte von Japan = Mapa do Japão,,,Japan National Tourist Organization,,,,,,eng,,,,,,,,,,,,,,,,,
2,,,3913183,"Map of the city of Montreal and suburbs, [between 1920 and 1929?]",Map of the city of Montreal and suburbs,eng fre,[between 1920 and 1929?],,,,,,,,,,,,,,,,,163,,#1,,,,,,MacFarlane's map of Montreal Que. and suburbs with street index,,,W.G. MacFarlane,,,,,,fre,,,,,,,,,,,,,,,,,
2,,,3913181,"Map of the city of Montreal and suburbs, [between 1920 and 1929?]",Map of the city of Montreal and suburbs,eng fre,[between 1920 and 1929?],,,,,,,,,,,,,,,,,163,,#1,,,,,,MacFarlane's map of Montreal Que. and suburbs with street index,,,W.G. MacFarlane,,,,,,fre,,,,,,,,,,,,,,,,,
2,,,3913182,"Map of the city of Montreal and suburbs, [between 1920 and 1929?]",Map of the city of Montreal and suburbs,eng fre,[between 1920 and 1929?],,,,,,,,,,,,,,,,,163,,#1,,,,,,Street map of Montreal with street index,,,American Autochrome Co.,,,,,,fre,,,,,,,,,,,,,,,,,
2,,,3912906,"Map of the Fuji-Hakone National Park, 1974",Map of the Fuji-Hakone National Park,Eng jpn,,1974,,,,,,,,,,,,,,,,161,,#1,,,,,,,,,[publisher not identified],,,,,,eng,,,,,,,,,,,,,,,,,
2,,,3912327,"Map of the Netherlands = Karte der Niederlande = Carte des pays-Bas, [between 1950 and 1959?]",Map of the Netherlands = Karte der Niederlande = Carte des pays-Bas,eng ger fre,[between 1950 and 1959?],,,,,,,,,,,,,,,,,232,,#1,,,,,,Map of the Netherlands,,,Official Tourist Information Office for the Netherlands,,,,,,eng,,,,,,,,,,,,,,,,,
2,,,3923639,"Mapa de la Republica Dominicana ; Carte de la republique d'Haiti, [between 1948 and 1950?]",Mapa de la Republica Dominicana ; Carte de la republique d'Haiti,spa fre,[between 1948 and 1950?],,,,,,,,,,,,,,,,,168,,#1,,,,,,Mapa de la Republica Dominicana,,,General Drafting Company,,,,,,spa,,,,,,,,,,,,,,,,,
2,,,3923646,"Mapa de la Republica Dominicana ; Carte de la republique d'Haiti, [between 1940 and 1949?]",Mapa de la Republica Dominicana ; Carte de la republique d'Haiti,spa fre,[between 1940 and 1949?],,,,,,,,,,,,,,,,,168,,#1,,,,,,Mapa de la Republica Dominicana,,,General Drafting Company,,,,,,spa,,,,,,,,,,,,,,,,,
2,,,3923754,"Mapa de La Republica Mexicana, 1960",Mapa de La Republica Mexicana,eng spa,,1960,,,,,,,,,,,,,,,,169,,#1,,,,,,Street map of Mexico City with street index = Mapa de la Cuidad de Mexico conindices de calles,,,Map Corporation of America,,,,,,eng,,,,,,,,,,,,,,,,,
2,,,3913056,"Maritime Provinces ; Québec, 1966",Maritime Provinces ; Québec,eng fre,,1966,,,,,,,,,,,,,,,,162,,#1,,,,,,Quebec and Maritime Provinces,,,H.M. Gousha Co.,,,,,,eng,,,,,,,,,,,,,,,,,
2,,,3913059,"Maritime Provinces ; Quebec, 1967",Maritime Provinces ; Québec,eng fre,,1967,,,,,,,,,,,,,,,,162,,#1,,,,,,Quebec and Maritime Provinces,,,H.M. Gousha Co.,,,,,,eng,,,,,,,,,,,,,,,,,
2,,,3913058,"Maritime Provinces ; Québec, 1972",Maritime Provinces ; Québec,eng fre,,1972,,,,,,,,,,,,,,,,162,,#1,,,,,,Quebec and Maritime Provinces,,,H.M. Gousha Co.,,,,,,eng,,,,,,,,,,,,,,,,,
2,,,3913185,"Metropolitan map district of Montréal = Carte métropolitaine district de Montréal, [1938?]",Metropolitan map district of Montréal = Carte métropolitaine district de Montréal,eng fre,[1938?],,,,,,,,,,,,,,,,,163,,#1,,,,,,Shell road map metropolitan Montreal,,,H.M. Gousha Co.,,,,,,eng,,,,,,,,,,,,,,,,,
2,,,3913432,"Metropolitan map Ottawa and vicinity ; Carte metropolitaine ville de Québec, 1933",Metropolitan map Ottawa and vicinity ; Carte metropolitaine ville de Québec,eng fre,,1933,,,,,,,,,,,,,,,,165,,#1,,,,,,Shell metropolitan map Ottawa and Quebec,,,H.M. Gousha Company,,,,,,eng,,,,,,,,,,,,,,,,,
2,,,3913199,"Metropolitan Montreal, 1955",Metropolitan Montreal,eng fre,,1955,,,,,,,,,,,,,,,,226,,#1,,,,,,Metropolitan Montreal and Quebec,,,Rolph-Clark-Stone Limited.,,,,,,eng,,,,,,,,,,,,,,,,,
2,,,3913435,"Metropolitan Ottawa and vicinity ; Carte métropolitain ville de Québec, [between 1940 and 1949?]",Metropolitan Ottawa and vicinity ; Carte métropolitain ville de Québec,eng fre,[between 1940 and 1949?],,,,,,,,,,,,,,,,,165,,#1,,,,,,Shell road map metropolitan Ottawa and Quebec,,,H.M. Gousha Company,,,,,,eng,,,,,,,,,,,,,,,,,
2,,,3913436,"Metropolitan Ottawa and vicinity ; Carte métropolitain ville de Québec, 1946",Metropolitan Ottawa and vicinity ; Carte métropolitain ville de Québec,eng fre,,1946,,,,,,,,,,,,,,,,165,,#1,,,,,,Shell map of metropolitan Ottawa and Quebec,,,H.M. Gousha Company,,,,,,eng,,,,,,,,,,,,,,,,,
2,,,3923756,"Mexico City & vicinity, 1993",Mexico City & vicinity,eng fre ger spa,,1993,,,,,,,,,,,,,,,,169,,#1,,,,,,Cityflash visitors map Mexico City,,,Rand McNally and Company,,,,,,eng,,,,,,,,,,,,,,,,,
2,,,3923714,"Mexico mapa touristico de carreteras, 1966",Mexico mapa touristico de carreteras,eng spa,,1966,,,,,,,,,,,,,,,,168,,#1,,,,,,Mexico mapa touristico de carreteras,,,Mexico Secretaría de Obras Públicas,,,,,,spa,,,,,,,,,,,,,,,,,
2,,,3923735,"Mexico mapa touristico de carreteras, 1966",Mexico mapa touristico de carreteras,eng spa,,1966,,,,,,,,,,,,,,,,169,,#1,,,,,,Mexico mapa touristico de carreteras,,,Mexico. Secretaría de Obras Públicas,,,,,,spa,,,,,,,,,,,,,,,,,
2,,,3923741,"Mexico mapa touristico de carreteras, 1966",Mexico mapa touristico de carreteras,eng spa,,1966,,,,,,,,,,,,,,,,169,,#1,,,,,,Mexico mapa touristico de carreteras,,,Mexico. Secretaría de Obras Públicas,,,,,,spa,,,,,,,,,,,,,,,,,
2,,,3923739,"Mexico mapa turistico de carreteras = Mexico tourist road map, 1936",Mexico mapa turistico de carreteras = Mexico tourist road map,eng spa,,1936,,,,,,,,,,,,,,,,229,,#1,,,,,,Mexico mapa turistico de carreteras = Mexico tourist road map,,,Guia Roji S.A.,,,,,,spa,,,,,,,,,,,,,,,,,
2,,,3923743,"Mexiko = México = Mexico = Mexique, [between 1980 and 1989]",Mexiko = México = Mexico = Mexique,eng fre ger spa,[between 1980 and 1989],,,,,,,,,,,,,,,,,229,,#1,,,,,,Mexico = Mexique = Mexiko = México,,,Hallwag AG,,,,,,eng,,,,,,,,,,,,,,,,,
2,,,3912764,"Milano : pianta = Milano : plan = Milano : town map = Milano : Stadtplan, 1968",Milano : pianta = Milano : plan = Milano : town map = Milano : Stadtplan,Ita fre eng ger,,1968,,,,,,,,,,,,,,,,236,,#1,,,,,,Milano : pianta = Milano : plan = Milano : map,,,Hallwag,,,,,,ita,,,,,,,,,,,,,,,,,
2,,,3913228,"Montréal, 1970",Montréal,eng fre,,1970,,,,,,,,,,,,,,,,164,,#1,,,,,,Montréal,,,Montréal City Planning Department,,,,,,fre,,,,,,,,,,,,,,,,,
2,,,3913211,"Montreal and vicinity, 1961",Montréal,eng fre,[between 1980 and 1989?],,,,,,,,,,,,,,,,,164,,#1,,,,,,Montréal access to the city,,,Quebec (Province). Tourist Bureau,,,,,,eng,,,,,,,,,,,,,,,,,
2,,,3913205,"Montreal métropole de Canada, 1959",Montreal and vicinity,eng fre,,1961,,,,,,,,,,,,,,,,163,,#1,,,,,,Street guide and map of Montreal and vicinity,,,Rolph-Clark-Stone Limited.,,,,,,eng,,,,,,,,,,,,,,,,,
2,,,3913215,"Montréal and vicinity, 1961",Montréal and vicinity,eng fre,,1961,,,,,,,,,,,,,,,,163,,#1,,,,,,Montréal,,,Rolph-Clark-Stone Limited.,,,,,,eng,,,,,,,,,,,,,,,,,
2,,,3913217,"Montréal et environs = Montréal and vicinity, 1963",Montréal et environs = Montréal and vicinity,eng fre,,1963,,,,,,,,,,,,,,,,163,,#1,,,,,,Guide des rues et carte de Montréal et des environs = Street guide and metropolitan map of Montreal,,,Rolph-Clark-Stone Limited.,,,,,,fre,,,,,,,,,,,,,,,,,
2,,,3913221,"Montréal et environs = Montréal and vicinity, 1968",Montréal et environs = Montréal and vicinity,eng fre,,1968,,,,,,,,,,,,,,,,163,,#1,,,,,,Montreal,,,Rolph-Clark-Stone Limited.,,,,,,fre,,,,,,,,,,,,,,,,,
2,,,3913224,"Montréal et environs = Montréal and vicinity, 1965",Montréal et environs = Montréal and vicinity,eng fre,,1965,,,,,,,,,,,,,,,,164,,#1,,,,,,Montreal,,,Rolph-Clark-Stone Limited,,,,,,fre,,,,,,,,,,,,,,,,,
2,,,3913227,"Montréal et environs = Montréal and vicinity, [1967?]",Montréal et environs = Montréal and vicinity,eng fre,[1967?],,,,,,,,,,,,,,,,,226,,#1,,,,,,Map of Montreal = Carte de Montréal,,,"John Lovell & Son, Limited",,,,,,fre,,,,,,,,,,,,,,,,,
2,,,3913230,"Montréal et environs = Montréal and vicinity, 1971",Montréal et environs = Montréal and vicinity,eng fre,,1971,,,,,,,,,,,,,,,,164,,#1,,,,,,Montréal,,,Rolph-Clark-Stone Limited,,,,,,fre,,,,,,,,,,,,,,,,,
2,,,3913228,"Montréal, 1970",Montreal métropole de Canada,eng fre,,1959,,,,,,,,,,,,,,,,226,,#1,,,,,,Montréal paradis du tourisme = Montréal tourist guide,,,Société Nouvelle de Publicité Incorporée,,,,,,fre,,,,,,,,,,,,,,,,,
2,,,3913234,"Montréal mid-town, [1979?]",Montréal mid-town,eng fre,[1979?],,,,,,,,,,,,,,,,,164,,#1,,,,,,Montréal access to the city,,,Quebec (Province). Tourist Bureau,,,,,,fre,,,,,,,,,,,,,,,,,
2,,,3912382,"Motoring map = Karte für Kraftfahrer = Carte routiére (Danmark, Finland, Norge, Sverige), 1937","Motoring map = Karte für Kraftfahrer = Carte routiére (Danmark, Finland, Norge, Sverige)",Eng fre ger,,1937,,,,,,,,,,,,,,,,233,,#1,,,,,,Motoring map = Carte routiére = Karte für Kraftfahrer,,,Nordisk Turisttrafikkomite ; Scott-R.,,,,,,eng,,,,,,,,,,,,,,,,,
2,,,3913424,"National Capital Ottawa & environs = Ottawa & environs la capitale nationale, 1959",National Capital Ottawa & environs = Ottawa & environs la capitale nationale,eng fre,,1959,,,,,,,,,,,,,,,,227,,#1,,,,,,Map of Ottawa and the National Capital Region = Plan d'Ottawa et la reégion de la capitale nationale,,,National Capital Commission,,,,,,eng,,,,,,,,,,,,,,,,,
2,,,3913425,"National Capital Ottawa & environs = Ottawa & environs la capitale nationale, 1957",National Capital Ottawa & environs = Ottawa & environs la capitale nationale,eng fre,,1957,,,,,,,,,,,,,,,,227,,#1,,,,,,Map of Ottawa and Environs and Gatineau Park = Plan d'Ottawa et des environs et du parc de la Gatineau,,,Federal District  Commission,,,,,,eng,,,,,,,,,,,,,,,,,
2,,,3913090,"New Brunswick = Nouveau-Brunswick, 1982",New Brunswick = Nouveau-Brunswick,eng fre,,1982,,,,,,,,,,,,,,,,225,,#1,,,,,,New Brunswick Canada ,,,New Brunswick. Department of Tourism,,,,,,eng,,,,,,,,,,,,,,,,,
2,,,3912403,"Norge, 1969",Norge,Nob ger eng fre,,1969,,,,,,,,,,,,,,,,158,,#1,,,,,,,,,[publisher not identified],,,,,,nob,,,,,,,,,,,,,,,,,
2,,,3913332,"Northern Ontario ; Southern Ontario, 1967",Northern Ontario ; Southern Ontario,eng fre,,1967,,,,,,,,,,,,,,,,164,,#1,,,,,,Ontario,,,"Rolph-Clark-Stone, Limited",,,,,,eng,,,,,,,,,,,,,,,,,
2,,,3913266,"Nouveau plan de la cité de Québec région metropolitaine et les environs avec lévis et lauzon, [between 1950 and 1959?]",Nouveau plan de la cité de Québec région metropolitaine et les environs avec lévis et lauzon,eng fre,[between 1950 and 1959?],,,,,,,,,,,,,,,,,226,,#1,,,,,,New map of Quebec City metropolitan area,,,A.G. Hatelie,,,,,,eng,,,,,,,,,,,,,,,,,
2,,,3912720,"Nuevo plano y callejero de cobranzas Madrid, 1929",Nuevo plano y callejero de cobranzas Madrid,Spa fre eng ger,,1929,,,,,,,,,,,,,,,,236,,#1,,,,,,Madrid,,,Rivadeneyra S.A.,,,,,,spa,,,,,,,,,,,,,,,,,
2,,,3912805,"Nuovissima pianta di Roma = Nouveau plan de Rome = New plan of Rome, [between 1970 and 1979?]",Nuovissima pianta di Roma = Nouveau plan de Rome = New plan of Rome,ita eng fre ger spa,[between 1970 and 1979?],,,,,,,,,,,,,,,,,237,,#1,,,,,,Nuova pianta di Roma = Nouveau plan de Rome = New plan of Rome = Neuer Stadtplan von Rom = Neuva mapa de Roma,,,Enrico Verdesi,,,,,,ita,,,,,,,,,,,,,,,,,
2,,,3912795,"Nuovissima pianta Roma = Nouveau plan de Rome = New plan of Rome = Neuer Stadtplan von Rom = Mapa de Roma, [between 1950 and 1959?]",Nuovissima pianta Roma = Nouveau plan de Rome = New plan of Rome = Neuer Stadtplan von Rom = Mapa de Roma,ita eng fre ger spa,[between 1950 and 1959?],,,,,,,,,,,,,,,,,236,,#1,,,,,,Nuovissima pianta = Nouveau plan = new plan = Neuer Stadtplan von = Mapa de Roma ,,,Enrico Verdesi,,,,,,ita,,,,,,,,,,,,,,,,,
2,,,3912804,"Nuovissima pianta Roma = Nouveau plan de Rome = New plan of Rome = Neuer Stadtplan von Rom = Mapa de Roma, 1955",Nuovissima pianta Roma = Nouveau plan de Rome = New plan of Rome = Neuer Stadtplan von Rom = Mapa de Roma,ita eng fre ger spa,,1955,,,,,,,,,,,,,,,,237,,#1,,,,,,Nuovissima pianta = Nouveau plan = New plan = Neuer Stadtplan = Mapa de Roma,,,Enrico Verdesi,,,,,,ita,,,,,,,,,,,,,,,,,
2,,,3913280,"Official Arrow city map cité de Québec et ses environs Québec, [between 1960 and 1969?]",Official Arrow city map cité de Québec et ses environs Québec,eng fre,[between 1960 and 1969?],,,,,,,,,,,,,,,,,226,,#1,,,,,,Québec et banlieue official Arrow city map = Quebec and vicinity official Arrow city map,,,R.L. Polk & Co.,,,,,,fre,,,,,,,,,,,,,,,,,
2,,,3913281,"Official Arrow city map cité de Québec et ses environs Québec, [between 1960 and 1969?]",Official Arrow city map cité de Québec et ses environs Québec,eng fre,[between 1960 and 1969?],,,,,,,,,,,,,,,,,226,,#1,,,,,,Québec et banlieue = Quebec and vincinity,,,R.L. Polk & Co.,,,,,,fre,,,,,,,,,,,,,,,,,
2,,,3923717,"Official road map Mexico = Carta general de carreteras República Mexicana, 1935",Official road map Mexico = Carta general de carreteras República Mexicana,eng spa,,1935,,,,,,,,,,,,,,,,168,,#1,,,,,,Travel Republic of Mexico with Conoco,,,H.M. Gousha Co.,,,,,,eng,,,,,,,,,,,,,,,,,
2,,,3923721,"Official road map Mexico = Carta general de carreteras República Mexicana, 1933",Official road map Mexico = Carta general de carreteras República Mexicana,eng spa,,1933,,,,,,,,,,,,,,,,168,,#1,,,,,,Travel Republic of Mexico with Conoco,,,H.M. Gousha Co.,,,,,,eng,,,,,,,,,,,,,,,,,
2,,,3913127,"Official road map of Quebec = Carte routière officielle de Quebec, 1942",Official road map of Quebec = Carte routière officielle de Quebec,eng fre,,1942,,,,,,,,,,,,,,,,163,,#1,,,,,,Shell map of Quebec,,,H.M. Gousha Co.,,,,,,eng,,,,,,,,,,,,,,,,,
2,,,3913124,"Official road map province of Quebec = Carte routière officielle province de Quebec, [1935?]",Official road map province of Quebec = Carte routière officielle province de Quebec,eng fre,[1935?],,,,,,,,,,,,,,,,,163,,#1,,,,,,Shell road map Quebec,,,H.M. Gousha Co.,,,,,,eng,,,,,,,,,,,,,,,,,
2,,,3913362,"Ontario, 1963",Ontario,eng fre,,1963,,,,,,,,,,,,,,,,164,,#1,,,,,,Ontario,,,"Gousha Maps of Canada, Ltd.",,,,,,eng,,,,,,,,,,,,,,,,,
2,,,3913363,"Ontario, 1963",Ontario,eng fre,,1963,,,,,,,,,,,,,,,,164,,#1,,,,,,Ontario,,,H.M. Gousha Company,,,,,,eng,,,,,,,,,,,,,,,,,
2,,,3913370,"Ontario, 1971",Ontario,eng fre,,1971,,,,,,,,,,,,,,,,164,,#1,,,,,,"Ontario featuring city area maps of Hamilton, Ottawa and metropolitan Toronto",,,Grant-Mann Lithographers Ltd.,,,,,,fre,,,,,,,,,,,,,,,,,
2,,,3913371,"Ontario, 1971",Ontario,eng fre,,1971,,,,,,,,,,,,,,,,164,,#1,,,,,,Ontario,,,H.M. Gousha Company,,,,,,eng,,,,,,,,,,,,,,,,,
2,,,3913375,"Ontario, 1985",Ontario,eng fre,,1985,,,,,,,,,,,,,,,,164,,#1,,,,,,Ontario,,,Allmaps Canada Ltd.,,,,,,fre,,,,,,,,,,,,,,,,,
2,,,3913361,"Ontario ; Northern Ontario = Nord de l'Ontario, 1963",Ontario ; Northern Ontario = Nord de l'Ontario,eng fre,,1963,,,,,,,,,,,,,,,,164,,#1,,,,,,Ontario,,,H.M. Gousha Company,,,,,,eng,,,,,,,,,,,,,,,,,
2,,,3913368,"Ontario ; Northern Ontario = Nord de l'Ontario, 1969",Ontario ; Northern Ontario = Nord de l'Ontario,eng fre,,1969,,,,,,,,,,,,,,,,164,,#1,,,,,,Ontario,,,H.M. Gousha Company,,,,,,fre,,,,,,,,,,,,,,,,,
2,,,3913308,"Ontario, Canada 1982/83 Official road map, 1982","Ontario, Canada 1982/83 Official road map",eng fre,,1982,,,,,,,,,,,,,,,,227,,#1,,,,,,"Ontario, Canada 1982/83 official road map",,,Ministry of Transportation and Communications,,,,,,fre,,,,,,,,,,,,,,,,,
2,,,3913420,"Ottawa & environs, 1963",Ottawa & environs ,eng fre,,1963,,,,,,,,,,,,,,,,227,,#1,,,,,,NCC map of Ottawa = Carte d'Ottawa CCN,,,National Capital Commission,,,,,,eng,,,,,,,,,,,,,,,,,
2,,,3913421,"Ottawa & environs, 1961",Ottawa & environs ,eng fre,,1961,,,,,,,,,,,,,,,,227,,#1,,,,,,NCC map of Ottawa = Carte d'Ottawa CCN,,,National Capital Commission,,,,,,eng,,,,,,,,,,,,,,,,,
2,,,3913447,"Ottawa and vicinity = Ottawa et environs, 1963",Ottawa and vicinity = Ottawa et environs,eng fre,,1963,,,,,,,,,,,,,,,,165,,#1,,,,,,Ottawa,,,Rolph Clark Stone Ltd.,,,,,,eng,,,,,,,,,,,,,,,,,
2,,,3913449,"Ottawa and vicinity = Ottawa et environs, 1968",Ottawa and vicinity = Ottawa et environs,eng fre,,1968,,,,,,,,,,,,,,,,165,,#1,,,,,,Ottawa,,,Rolph Clark Stone Ltd.,,,,,,eng,,,,,,,,,,,,,,,,,
2,,,3913438,"Ottawa bus routes = Lignes d'autobus, [between 1950 and 1959?]",Ottawa bus routes = Lignes d'autobus,eng,[between 1950 and 1959?],,,,,,,,,,,,,,,,,165,,#1,,,,,,,,,Rapid Grip and Batten Limited,,,,,,eng,,,,,,,,,,,,,,,,,
2,,,3912423,"Panorama over Bergen fra Fløien ; Kart over Bergen og Fløifjellet, 1933",Panorama over Bergen fra  Fløien ; Kart over Bergen og Fløifjellet,Nor eng ger,,1933,,,,,,,,,,,,,,,,233,,#1,,,,,,Utsikt over Bergen fra Fløibanen = View of Bergen from Fløibanen = Aussicht über Bergen von Fløibanen,,,Leif Riim,,,,,,nor,,,,,,,,,,,,,,,,,
2,,,3912672,"Paris plan de ville = Paris town map = Paris Stadtplan, [1961?]",Paris plan de ville = Paris town map = Paris Stadtplan,Fre eng ger,[1961?],,,,,,,,,,,,,,,,,235,,#1,,,,,,Paris map = Paris plan,,,Hallwag,,,,,,fre,,,,,,,,,,,,,,,,,
2,,,3923783,"Parques nacionales y otras areas proteguidas de Costa Rica, 1999",Parques nacionales y otras areas proteguidas de Costa Rica,eng spa,,1999,,,,,,,,,,,,,,,,169,,#1,,,,,,National parks and other protected areas of Costa Rica,,,Costa Rica. Instituto Geografico Nacional,,,,,,spa,,,,,,,,,,,,,,,,,
2,,,3913120,"Partie occidentale Québec western part 1964/ Partie orientale Québec eastern part 1964, 1964",Partie occidentale Québec western part 1964/ Partie orientale Québec eastern part 1964,eng fre,,1964,,,,,,,,,,,,,,,,163,,#1,,,,,,Québec,,,General Drafting Company,,,,,,fre,,,,,,,,,,,,,,,,,
2,,,3913273,"Partie oriental Quebec eastern part 1955 ; Partie occidental Quebec western part 1955, 1955",Partie oriental Quebec eastern part 1955 ; Partie occidental Quebec western part 1955,eng fre,,1955,,,,,,,,,,,,,,,,226,,#1,,,,,,Quebec,,,General Drafting Company,,,,,,fre,,,,,,,,,,,,,,,,,
2,,,3913110,"Partie orientale Quebec eastern part ; Partie occidental Quebec western part 1950, 1950",Partie orientale Quebec eastern part ; Partie occidental Quebec western part 1950,eng fre,,1950,,,,,,,,,,,,,,,,225,,#1,,,,,,Quebec,,,General Drafting Company,,,,,,eng,,,,,,,,,,,,,,,,,
2,,,3913115,"Partie orientale Quebec eastern part ; Partie occidental Quebec western part 1951, 1951",Partie orientale Quebec eastern part ; Partie occidental Quebec western part 1951,eng fre,,1951,,,,,,,,,,,,,,,,225,,#1,,,,,,Quebec road map,,,General Drafting Company,,,,,,eng,,,,,,,,,,,,,,,,,
2,,,3913133,"Partie orientale Quebec eastern part ; Partie occidental Quebec western part 1951, 1951",Partie orientale Quebec eastern part ; Partie occidental Quebec western part 1951,eng fre,,1951,,,,,,,,,,,,,,,,225,,#1,,,,,,Quebec road map,,,General Drafting Company,,,,,,eng,,,,,,,,,,,,,,,,,
2,,,3913114,"Partie orientale Quebec eastern part ; Partie occidental Quebec western part 1952, 1952",Partie orientale Quebec eastern part ; Partie occidental Quebec western part 1952,eng fre,,1952,,,,,,,,,,,,,,,,225,,#1,,,,,,Quebec road map,,,General Drafting Company,,,,,,eng,,,,,,,,,,,,,,,,,
2,,,3913113,"Partie orientale Quebec eastern part ; Partie occidental Quebec western part 1953, 1948",Partie orientale Quebec eastern part ; Partie occidental Quebec western part 1953,eng fre,,1948,,,,,,,,,,,,,,,,225,,#1,,,,,,Quebec,,,General Drafting Company,,,,,,eng,,,,,,,,,,,,,,,,,
2,,,3913109,"Partie orientale Quebec eastern part ; Partie occidental Quebec western part 1954, 1954",Partie orientale Quebec eastern part ; Partie occidental Quebec western part 1954,eng fre,,1954,,,,,,,,,,,,,,,,225,,#1,,,,,,Quebec,,,General Drafting Company,,,,,,eng,,,,,,,,,,,,,,,,,
2,,,3913107,"Partie orientale Quebec eastern part ; Partie occidental Quebec western part 1955, 1955",Partie orientale Quebec eastern part ; Partie occidental Quebec western part 1955,eng fre,,1955,,,,,,,,,,,,,,,,225,,#1,,,,,,Quebec,,,General Drafting Company,,,,,,fre,,,,,,,,,,,,,,,,,
2,,,3913135,"Partie orientale Quebec eastern part ; Partie occidental Quebec western part 1955, 1955",Partie orientale Quebec eastern part ; Partie occidental Quebec western part 1955,eng fre,,1955,,,,,,,,,,,,,,,,225,,#1,,,,,,Quebec,,,General Drafting Company,,,,,,eng,,,,,,,,,,,,,,,,,
2,,,3913158,"Partie orientale Quebec eastern part 1957 ; Partie occidental Quebec western part 1957, 1957",Partie orientale Quebec eastern part ; Partie occidental Quebec western part 1957,eng fre,,1957,,,,,,,,,,,,,,,,163,,#1,,,,,,Quebec,,,General Drafting Company,,,,,,fre,,,,,,,,,,,,,,,,,
2,,,3913117,"Partie orientale Quebec eastern part 1956 ; Partie occidental Quebec western part 1956, 1956",Partie orientale Quebec eastern part 1956 ; Partie occidental Quebec western part 1956,eng fre,,1956,,,,,,,,,,,,,,,,163,,#1,,,,,,Quebec,,,General Drafting Company,,,,,,eng,,,,,,,,,,,,,,,,,
2,,,3913122,"Partie orientale Quebec eastern part ; Partie occidental Quebec western part 1957, 1957",Partie orientale Quebec eastern part 1957 ; Partie occidental Quebec western part 1957,eng fre,,1957,,,,,,,,,,,,,,,,163,,#1,,,,,,Quebec,,,General Drafting Company,,,,,,eng,,,,,,,,,,,,,,,,,
2,,,3913118,"Partie orientale Quebec eastern part 1958 ; Partie occidental Quebec western part 1958, 1958",Partie orientale Quebec eastern part 1958 ; Partie occidental Quebec western part 1958,eng fre,,1958,,,,,,,,,,,,,,,,163,,#1,,,,,,Quebec,,,General Drafting Company,,,,,,eng,,,,,,,,,,,,,,,,,
2,,,3913121,"Partie orientale Quebec eastern part 1958 ; Partie occidental Quebec western part 1958, 1958",Partie orientale Quebec eastern part 1958 ; Partie occidental Quebec western part 1958,eng fre,,1958,,,,,,,,,,,,,,,,163,,#1,,,,,,Quebec,,,General Drafting Company,,,,,,eng,,,,,,,,,,,,,,,,,
2,,,3913144,"Partie orientale Québec eastern part 1964 ; Partie occidental Québec western part 1964, 1964",Partie orientale Québec eastern part 1964 ; Partie occidental Québec western part 1964,eng fre,,1964,,,,,,,,,,,,,,,,163,,#1,,,,,,Québec,,,General Drafting Company,,,,,,fre,,,,,,,,,,,,,,,,,
2,,,3913145,"Partie orientale Québec eastern part 1965 ; Partie occidental Qubec western part 1965, 1965",Partie orientale Québec eastern part 1965 ; Partie occidental Qubec western part 1965,eng fre,,1965,,,,,,,,,,,,,,,,163,,#1,,,,,,Québec,,,General Drafting Company,,,,,,fre,,,,,,,,,,,,,,,,,
2,,,3912807,"Pianta della città di Roma e dintorni, [between 1910 and 1919?]",Pianta della città di Roma e dintorni,ita fre,[between 1910 and 1919?],,,,,,,,,,,,,,,,,237,,#1,,,,,,Città di Roma e dintorni = Plan der Stadt Rom und Umgebung = Rome et ses environs = Rome and its environs,,,Carlo Marrè Antonelli,,,,,,ita,,,,,,,,,,,,,,,,,
2,,,3913177,"Plan [Montréal], 1949",Plan [Montréal],eng fre,,1949,,,,,,,,,,,,,,,,226,,#1,,,,,,,,,Paul Gauthier,,,,,,eng,,,,,,,,,,,,,,,,,
2,,,3913178,"Plan [Montréal], 1949",Plan [Montréal],eng fre,,1949,,,,,,,,,,,,,,,,226,,#1,,,,,,,,,Paul Gauthier,,,,,,eng,,,,,,,,,,,,,,,,,
2,,,3912376,"Plan de Bruxelles = Map of Brussels = Plan van Brussel = Plan von Brüssels, [between 1946-1954?]",Plan de Bruxelles = Map of Brussels = Plan van Brussel = Plan von Brüssels,Fre eng dut ger,[between 1946-1954?],,,,,,,,,,,,,,,,,158,,#1,,,,,,,,,A. de Boeck,,,,,,fre,,,,,,,,,,,,,,,,,
2,,,3913256,"Plan de la cité de Québec, [between 1950 and 1959?]",Plan de la cité de Québec,eng fre,[between 1950 and 1959?],,,,,,,,,,,,,,,,,226,,#1,,,,,,Tourist map of Québec = plan touristique de Québec,,,Quebec Municipal Tourist Bureau,,,,,,fre,,,,,,,,,,,,,,,,,
2,,,3913257,"Plan de la cité de Québec, [between 1960 and 1969?]",Plan de la cité de Québec,eng fre,[between 1960 and 1969?],,,,,,,,,,,,,,,,,226,,#1,,,,,,Tourist map of Québec = plan touristique de Québec,,,Quebec Municipal Tourist Bureau,,,,,,fre,,,,,,,,,,,,,,,,,
2,,,3913259,"Plan de la cité de Québec, [between 1940 and 1949?]",Plan de la cité de Québec,eng fre,[between 1940 and 1949?],,,,,,,,,,,,,,,,,226,,#1,,,,,,Tourist map and street guide of Quebec City Quebec ,,,Croydon Publishing Co.,,,,,,eng,,,,,,,,,,,,,,,,,
2,,,3913263,"Plan de la cité de Québec, [between 1950 and 1959?]",Plan de la cité de Québec,eng fre,[between 1950 and 1959?],,,,,,,,,,,,,,,,,226,,#1,,,,,,Tourist map of Québec = Plan touristique de Québec,,,Quebec Municipal Tourist Bureau,,,,,,fre,,,,,,,,,,,,,,,,,
2,,,3913264,"Plan de la cité de Québec, [between 1950 and 1959?]",Plan de la cité de Québec,eng fre,[between 1950 and 1959?],,,,,,,,,,,,,,,,,226,,#1,,,,,,Tourist map of Québec = Plan touristique de Québec,,,Quebec Municipal Tourist Bureau,,,,,,fre,,,,,,,,,,,,,,,,,
2,,,3913270,"Plan de la cité de Québec, [between 1950 and 1959?]",Plan de la cité de Québec,eng fre,[between 1950 and 1959?],,,,,,,,,,,,,,,,,226,,#1,,,,,,Tourist map of Québec = plan touristique de Québec,,,Quebec Municipal Tourist Bureau,,,,,,fre,,,,,,,,,,,,,,,,,
2,,,3913271,"Plan de la cité de Québec, [between 1950 and 1959?]",Plan de la cité de Québec,eng fre,[between 1950 and 1959?],,,,,,,,,,,,,,,,,226,,#1,,,,,,Tourist map of Québec = plan touristique de Québec,,,Quebec Municipal Tourist Bureau,,,,,,fre,,,,,,,,,,,,,,,,,
2,,,3913272,"Plan de la cité de Québec, [between 1950 and 1959?]",Plan de la cité de Québec,eng fre,[between 1950 and 1959?],,,,,,,,,,,,,,,,,226,,#1,,,,,,Tourist map of Québec = plan touristique de Québec,,,Quebec Municipal Tourist and Industry Bureau,,,,,,fre,,,,,,,,,,,,,,,,,
2,,,3913275,"Plan de la cité de Québec, [between 1960 and 1969?]",Plan de la cité de Québec,eng fre,[between 1960 and 1969?],,,,,,,,,,,,,,,,,226,,#1,,,,,,Plan touristique Québec = Québec tourist map,,,Quebec Municpal Tourist Bureau,,,,,,fre,,,,,,,,,,,,,,,,,
2,,,3913276,"Plan de la cité de Québec, [between 1960 and 1969?]",Plan de la cité de Québec,eng fre,[between 1960 and 1969?],,,,,,,,,,,,,,,,,226,,#1,,,,,,Plan touristique Québec = Québec tourist map,,,Quebec Municipal Tourist Bureau,,,,,,fre,,,,,,,,,,,,,,,,,
2,,,3913277,"Plan de la cité de Québec, [between 1960 and 1969?]",Plan de la cité de Québec,eng fre,[between 1960 and 1969?],,,,,,,,,,,,,,,,,226,,#1,,,,,,Plan touristique Québec = Québec tourist map,,,Quebec Municipal Tourist Bureau,,,,,,fre,,,,,,,,,,,,,,,,,
2,,,3913287,"Plan de la cité de Québec, 1968",Plan de la cité de Québec,eng fre,[1963?],,,,,,,,,,,,,,,,,164,,#1,,,,,,Plan touristique Québec = Québec tourist map,,,Quebec Municipal Tourist Bureau,,,,,,fre,,,,,,,,,,,,,,,,,
2,,,3913289,"Plan de la cité de Québec, 1969",Plan de la cité de Québec,eng fre,,1968,,,,,,,,,,,,,,,,164,,#1,,,,,,Plan touristique Québec tourist map,,,Quebec Municipal Tourist Bureau,,,,,,fre,,,,,,,,,,,,,,,,,
2,,,3913283,"Plan de la cité de Québec, [1963?]",Plan de la cité de Québec,eng fre,,1969,,,,,,,,,,,,,,,,164,,#1,,,,,,Plan touristique Québec = Québec tourist map,,,Office Municipal du Tourisme,,,,,,fre,,,,,,,,,,,,,,,,,
2,,,3913303,"Plan de la cité de Trois-Rivières, 1950",Plan de la cité de Trois-Rivières ,eng fre,,1950,,,,,,,,,,,,,,,,164,,#1,,,,,,"Visitez Trois-Rivières province de Québec = Visit Trois-Rivières province de Québec, Canada",,,Georges Heroux,,,,,,fre,,,,,,,,,,,,,,,,,
2,,,3913305,"Carte des cités des Trois-Rivières et du Cap-de-la-Madeleine Québec, [between 1950 and 1959?]",Plan de la ville de Trois-Rivières ,eng fre,[between 1950 and 1959?],,,,,,,,,,,,,,,,,164,,#1,,,,,,"Visit historic Trois-Rivières province of Quebec, Canada",,,Georges Heroux,,,,,,fre,,,,,,,,,,,,,,,,,
2,,,3912793,"Plan de Rome = Map of Rome, [approximately 1960?]",Plan de Rome = Map of Rome,Fre eng,[approximately 1960?],,,,,,,,,,,,,,,,,161,,#1,,,,,,,,,G.Paglia,,,,,,fre,,,,,,,,,,,,,,,,,
2,,,3913292,"Plan general de la cité de St-Hyacinthe et du grand St-Hyacinthe = General plan of the city of St-Hyacinthe and of the greater St-Hyacinthe, 1958",Plan general de la cite de St-Hyacinthe et du grand St-Hyacinthe = General plan of the city of St-Hyacinthe and of the greater St-Hyacinthe ,eng fre,,1958,,,,,,,,,,,,,,,,164,,#1,,,,,,,,,B. Desnoyers,,,,,,fre,,,,,,,,,,,,,,,,,
2,,,3913297,"Plan general de la cite de St-Hyacinthe et du grand St-Hyacinthe = General plan of the city of St-Hyacinthe and of the greater St-Hyacinthe, 1958",Plan general de la cité de St-Hyacinthe et du grand St-Hyacinthe = General plan of the city of St-Hyacinthe and of the greater St-Hyacinthe ,eng fre,,1958,,,,,,,,,,,,,,,,226,,#1,,,,,,,,,B. Desnoyers,,,,,,fre,,,,,,,,,,,,,,,,,
2,,,3913197,"Plan touristic Montreal = Plan Montreal touristique, [between 1950 and 1959?]",Plan touristic Montreal = Plan Montreal touristique,eng fre,[between 1950 and 1959?],,,,,,,,,,,,,,,,,163,,#1,,,,,,Montreal,,,Montreal Tourist & Convention Bureau Inc.,,,,,,eng,,,,,,,,,,,,,,,,,
2,,,3912368,"Plan van Antwerpen en grote omgeving, [approximately 1962?]",Plan van Antwerpen en grote omgeving,Dut fre,[approximately 1962?],,,,,,,,,,,,,,,,,233,,#1,,,,,,Plan van Antwerpen en grote omgeving  = Plan d'Anvers et de la grande banlieue,,,R. de Rouck,,,,,,dut,,,,,,,,,,,,,,,,,
2,,,3923795,"Plano de Barranquilla, 1933",Plano de Barranquilla,eng spa,,1933,,,,,,,,,,,,,,,,169,,#1,,,,,,Guia de turismo de Barranquilla = Tourist guide of Barranquilla,,,Colombia Ministerios de Industrias,,,,,,spa,,,,,,,,,,,,,,,,,
2,,,3923796,"Plano de Cartagena = City-plan of Cartagena, [between 1950 and 1959]",Plano de Cartagena = City-plan of Cartagena,eng spa,[between 1950 and 1959],,,,,,,,,,,,,,,,,229,,#1,,,,,,Guia de turismo de Cartagena = Tourist guide of Cartagena,,,Ministerio de Industrias,,,,,,spa,,,,,,,,,,,,,,,,,
2,,,3912732,"Plano de Granada : vista panoramica, [between 1930 and 1939?]",Plano de Granada : vista panoramica,Spa fre eng,[between 1930 and 1939?],,,,,,,,,,,,,,,,,160,,#1,,,,,,Granada plano - carte - mar,,,Arpem,,,,,,spa,,,,,,,,,,,,,,,,,
2,,,3912721,"Plano-guía Barcelona, [between 1950 and 1959?]",Plano-guía Barcelona,Spa eng fre ger,[between 1950 and 1959?],,,,,,,,,,,,,,,,,160,,#1,,,,,,Plano-guía Barcelona,,,Almacenes Jorba,,,,,,spa,,,,,,,,,,,,,,,,,
2,,,3912375,"Plan-Pharus : Bruxelles, [between 1920 and 1929?]",Plan-Pharus : Bruxelles,Fre ger,[between 1920 and 1929?],,,,,,,,,,,,,,,,,233,,#1,,,,,,Pharus-Plan : Brüssel,,,Pharus Verlag G.m.b.H.,,,,,,fre,,,,,,,,,,,,,,,,,
2,,,3912473,"Poland = Polska, 1942",Poland = Polska,Eng pol,,1942,,,,,,,,,,,,,,,,233,,#1,,,,,,,,,C. S. Hammond & Co.,,,,,,eng,,,,,,,,,,,,,,,,,
2,,,3912465,"Porvoo Borgå, 1991",Porvoo Borgå,fin swe eng,,1991,,,,,,,,,,,,,,,,159,,#1,,,,,,,,,Porvoo City Tourist Office,,,,,,fin,,,,,,,,,,,,,,,,,
2,,,3913065,"Prince Edward Island Canada official tourist map = Prince Edward Island Canada carte touristique officielle, 1981",Prince Edward Island Canada official tourist map = Prince Edward Island Canada carte touristique officielle,eng fre,,1981,,,,,,,,,,,,,,,,162,,#1,,,,,,Feel our warmth Prince Edward Island Canada official tourist map 1981 = Notre chaleur et vous Iles-du-Prince-Edouard carte touristique officielle 1981,,,Prince Edward Island Tourist Information Centre,,,,,,eng,,,,,,,,,,,,,,,,,
2,,,3913128,"Province de Québec Canada = Province of Québec Canada, 1943",Province de Québec Canada = Province of Québec Canada,eng fre,,1943,,,,,,,,,,,,,,,,225,,#1,,,,,,Province de Québec carte routière et touristique highway and tourist map,,,Office du tourisme de la Province of Québec = Province de Québec Tourist Bureau,,,,,,fre,,,,,,,,,,,,,,,,,
2,,,3913106,"Québec, 1967",Québec,eng fre,,1967,,,,,,,,,,,,,,,,163,,#1,,,,,,Québec,,,General Drafting Company,,,,,,fre,,,,,,,,,,,,,,,,,
2,,,3913116,"Québec, 1967",Québec,eng fre,,1967,,,,,,,,,,,,,,,,163,,#1,,,,,,Québec expo67,,,General Drafting Company,,,,,,fre,,,,,,,,,,,,,,,,,
2,,,3913119,"Québec, 1969",Québec,eng fre,,1969,,,,,,,,,,,,,,,,163,,#1,,,,,,Québec,,,General Drafting Company,,,,,,fre,,,,,,,,,,,,,,,,,
2,,,3913123,"Québec, 1971 - 1972",Québec,eng fre,,1971,,,1972,,,,,,,,,,,,,163,,#1,,,,,,Quebec '71-'72,,,Grant-Mann Lithographers Limited.,,,,,,fre,,,,,,,,,,,,,,,,,
2,,,3913137,"Québec, 1959",Québec,eng fre,,1959,,,,,,,,,,,,,,,,163,,#1,,,,,,See Quebec with White Rose,,,H.M. Gousha Co.,,,,,,eng,,,,,,,,,,,,,,,,,
2,,,3913139,"Québec, 1960",Québec,eng fre,,1960,,,,,,,,,,,,,,,,163,,#1,,,,,,Shell map of Quebec,,,H.M. Gousha Co.,,,,,,eng,,,,,,,,,,,,,,,,,
2,,,3913141,"Québec, 1961",Québec,eng fre,,1961,,,,,,,,,,,,,,,,163,,#1,,,,,,Shell map of Quebec,,,H.M. Gousha Co.,,,,,,eng,,,,,,,,,,,,,,,,,
2,,,3913147,"Québec, 1967",Québec,eng fre,,1967,,,,,,,,,,,,,,,,163,,#1,,,,,,Québec,,,Rolph-Clark-Stone Limited,,,,,,eng,,,,,,,,,,,,,,,,,
2,,,3913149,"Québec, 1970",Québec,eng fre,,1970,,,,,,,,,,,,,,,,163,,#1,,,,,,Québec,,,H.M. Gousha Co.,,,,,,eng,,,,,,,,,,,,,,,,,
2,,,3913151,"Québec, 1971",Québec,eng fre,,1971,,,,,,,,,,,,,,,,163,,#1,,,,,,Québec,,,Grant-Mann Lithographers Limited.,,,,,,eng,,,,,,,,,,,,,,,,,
2,,,3913153,"Québec, 1971",Québec,eng fre,,1971,,,,,,,,,,,,,,,,163,,#1,,,,,,Québec,,,Rolph-McNally Limited,,,,,,eng,,,,,,,,,,,,,,,,,
2,,,3913157,"Québec, 1985",Québec,eng fre,,1985,,,,,,,,,,,,,,,,163,,#1,,,,,,Québec Canada,,,Allmaps Canada Limited,,,,,,eng,,,,,,,,,,,,,,,,,
2,,,3913150,"Québec, 1971",Québec ,eng fre,,1971,,,,,,,,,,,,,,,,225,,#1,,,,,,Routes du Québec,,,Québec (Province). Department of Roads,,,,,,fre,,,,,,,,,,,,,,,,,
2,,,3913255,"Québec, [1995?]",Québec   ,eng fre,[1995?],,,,,,,,,,,,,,,,,164,,#1,,,,,,Québec & environs plain urbain = Québec & environs city map,,,Distribution AL,,,,,,fre,,,,,,,,,,,,,,,,,
2,,,3913262,"Québec, 1922",Québec   ,eng fre,,1922,,,,,,,,,,,,,,,,164,,#1,,,,,,,,,[publisher not indentified],,,,,,fre,,,,,,,,,,,,,,,,,
2,,,3913143,"Québec ; Maritime Provinces, 1963",Québec ; Maritime Provinces,eng fre,,1963,,,,,,,,,,,,,,,,163,,#1,,,,,,Quebec and Maritime Provinces,,,H.M. Gousha Company,,,,,,eng,,,,,,,,,,,,,,,,,
2,,,3913148,"Québec ; Maritime Provinces, 1970",Québec ; Maritime Provinces,eng fre,,1970,,,,,,,,,,,,,,,,163,,#1,,,,,,Quebec and Maritime Provinces,,,H.M. Gousha Co.,,,,,,eng,,,,,,,,,,,,,,,,,
2,,,3913156,"Québec a la carte, 1981",Québec a la carte,eng fre,,1981,,,,,,,,,,,,,,,,225,,#1,,,,,,Québec à la carte,,,Québec (Province). Ministère des transports. Division de la cartographie,,,,,,fre,,,,,,,,,,,,,,,,,
2,,,3913282,"Quebec and vicinity, 1961",Quebec and vicinity,eng fre,,1961,,,,,,,,,,,,,,,,164,,#1,,,,,,Quebec City,,,Rolph-Clark-Stone Limited ,,,,,,fre,,,,,,,,,,,,,,,,,
2,,,3913260,"Quebec and vicinity = Quebec et environs, 1962",Quebec and vicinity = Quebec et environs,eng fre,,1962,,,,,,,,,,,,,,,,226,,#1,,,,,,Perly's 6 in 1 map of Québec City = Perly's 6 en 1 carte de la ville Québec,,,Rolph-Clark-Stone Limited,,,,,,eng,,,,,,,,,,,,,,,,,
2,,,3913253,"Québec et environs = Québec and vicinity, 1965",Québec et environs = Québec and vicinity,eng fre,,1965,,,,,,,,,,,,,,,,164,,#1,,,,,,Quebec City,,,Rolph-Clark-Stone Limited,,,,,,fre,,,,,,,,,,,,,,,,,
2,,,3913285,"Québec et environs = Québec and vicinity, 1964",Québec et environs = Québec and vicinity,eng fre,,1964,,,,,,,,,,,,,,,,164,,#1,,,,,,Cité de Québec ,,,Rolph-Clark-Stone Limited ,,,,,,fre,,,,,,,,,,,,,,,,,
2,,,3913288,"Québec et environs = Québec and vicinity, 1968",Québec et environs = Québec and vicinity,eng fre,,1968,,,,,,,,,,,,,,,,164,,#1,,,,,,Cité de Québec ,,,Rolph-Clark-Stone Limited ,,,,,,fre,,,,,,,,,,,,,,,,,
2,,,3913146,"Québec les routes, 1967",Québec les routes,eng fre,,1967,,,,,,,,,,,,,,,,225,,#1,,,,,,Québec les routes,,,Fernand J. Lafontaine,,,,,,fre,,,,,,,,,,,,,,,,,
2,,,3913286,"Québec les routes, [1967?]",Québec les routes,eng fre,[1967?],,,,,,,,,,,,,,,,,226,,#1,,,,,,Québec les routes,,,Dessin Général inc,,,,,,fre,,,,,,,,,,,,,,,,,
2,,,3913298,"Queen city of southern Quebec Sherbrooke = Sherbrooke la reine des cantons de l'est, 1948",Queen city of southern Quebec Sherbrooke = Sherbrooke la reine des cantons de l'est,eng fre,,1948,,,,,,,,,,,,,,,,164,,#1,,,,,,Sherbrooke the queen city of the eastern townships the electric city = Sherbrooke la reine des cantons de l'est la ville eletrique,,,J. Chocotê ,,,,,,eng,,,,,,,,,,,,,,,,,
2,,,3913300,"Queen city of southern Quebec Sherbrooke = Sherbrooke la reine des cantons de l'est, 1958",Queen city of southern Quebec Sherbrooke = Sherbrooke la reine des cantons de l'est,eng fre,,1958,,,,,,,,,,,,,,,,164,,#1,,,,,,Sherbrooke the queen city of the eastern townships the electric city = Sherbrooke la reine des cantons de l'est la ville eletrique,,,M.A. Fuller,,,,,,eng,,,,,,,,,,,,,,,,,
2,,,3912462,"Raitiolinjakartta = Sparvagslinjekarta, 1991",Raitiolinjakartta = Sparvagslinjekarta,Fin swe,,1991,,,,,,,,,,,,,,,,159,,#1,,,,,,,,,Kaupunkimittausosasto,,,,,,fin,,,,,,,,,,,,,,,,,
2,,,3912585,"Reise- und Verkehrskarte der Schweiz, [between 1920 and 1929?]",Reise- und Verkehrskarte der Schweiz ,Ger fre,[between 1920 and 1929?],,,,,,,,,,,,,,,,,234,,#1,,,,,,Reise- und Verkehrskarte der Schweiz = Carte routière de la Suisse.,,,Kümmerly & Frey,,,,,,ger,,,,,,,,,,,,,,,,,
2,,,3923645,"Republica Dominica, 2000",Republica Dominica,eng fre ger ita spa,,2000,,,,,,,,,,,,,,,,229,,#1,,,,,,República Dominicana mapa turistico = Dominican Republic tourist map,,,"Publicaciones Triunfo, S.A.",,,,,,eng,,,,,,,,,,,,,,,,,
2,,,3923641,"República Dominicana, 1977",República Dominicana,eng spa,,1977,,,,,,,,,,,,,,,,168,,#1,,,,,,Dominican Republic road map = La república Dominicana,,,General Drafting Company,,,,,,eng,,,,,,,,,,,,,,,,,
2,,,3923811,"Rio guide, [between 1970 and 1979?]",Rio guide,eng spa,[between 1970 and 1979?],,,,,,,,,,,,,,,,,169,,#1,,,,,,,,,H. Stern Jewellers,,,,,,eng,,,,,,,,,,,,,,,,,
2,,,3923732,"Road map of Mexico = Carta de carreteras de Mexico, 1955",Road map of Mexico = Carta de carreteras de Mexico,eng spa,,1955,,,,,,,,,,,,,,,,169,,#1,,,,,,Mexico points of interest and touring map,,,H.M. Gousha Co.,,,,,,eng,,,,,,,,,,,,,,,,,
2,,,3912796,"Roma : pianta = Roma : plan = Roma : town map = Roma : Stadtplan, 1970",Roma : pianta = Roma : plan = Roma : town map = Roma : Stadtplan,Ita fre eng ger,,1970,,,,,,,,,,,,,,,,236,,#1,,,,,,Roma : pianta = Roma : plan = Roma : map,,,Hallwag,,,,,,ita,,,,,,,,,,,,,,,,,
2,,,3913154,"Routes du Québec 1974, 1974",Routes du Québec 1974,eng fre,,1974,,,,,,,,,,,,,,,,225,,#1,,,,,,Routes du Québec 1974,,,Québec (Province). Department of Transport,,,,,,fre,,,,,,,,,,,,,,,,,
2,,,3912466,"Savonlinna, [1987, reprint 1991?]",Savonlinna,Fin swe eng ger,"[1987, reprint 1991?]",1987,,,,,,,,,,,,,,,,159,,#1,,,,,,,,,Savonlinna Tourist Office ; Kiinteisto ja mittausosasto,,,,,,fin,,,,,,,,,,,,,,,,,
2,,,3912574,"Schweiz : autokarte = Suisse : carte routiere = Svizzera : carta stradale, [1963?]",Schweiz : autokarte =  Suisse : carte routiere = Svizzera : carta stradale,Ger fre ita,[1963?],,,,,,,,,,,,,,,,,160,,#1,,,,,,,,,Kümmerly & Frey,,,,,,ger,,,,,,,,,,,,,,,,,
2,,,3912570,"Schweiz = Suisse = Switzerland, 1948",Schweiz = Suisse = Switzerland,Ger fre eng,,1948,,,,,,,,,,,,,,,,160,,#1,,,,,,Schweiz = Suisse = Switzerland,,,Standard-Produits des Huiles Minérales S.A.,,,,,,ger,,,,,,,,,,,,,,,,,
2,,,3912571,"Schweiz = Suisse = Switzerland, 1949",Schweiz = Suisse = Switzerland,Ger fre eng,,1949,,,,,,,,,,,,,,,,160,,#1,,,,,,Schweiz = Suisse = Switzerland,,,Standard-Produits des Huiles Minérales S.A.,,,,,,ger,,,,,,,,,,,,,,,,,
2,,,3912572,"Schweiz = Suisse = Switzerland, 1948",Schweiz = Suisse = Switzerland,Ger fre eng,,1948,,,,,,,,,,,,,,,,160,,#1,,,,,,Schweiz = Suisse = Switzerland,,,Standard-Produits des Huiles Minérales S.A.,,,,,,ger,,,,,,,,,,,,,,,,,
2,,,3912573,"Schweiz = Suisse = Switzerland, 1959",Schweiz = Suisse = Switzerland,Ger fre eng,,1959,,,,,,,,,,,,,,,,160,,#1,,,,,,Schweiz = Suisse = Switzerland,,,Esso Standard (Switzerland),,,,,,ger,,,,,,,,,,,,,,,,,
2,,,3912586,"Schweiz = Suisse = Switzerland = Svizzera, 1958",Schweiz = Suisse = Switzerland = Svizzera,Ger fre eng ita,,1958,,,,,,,,,,,,,,,,234,,#1,,,,,,,,,Otto M. Müller,,,,,,ger,,,,,,,,,,,,,,,,,
2,,,3912860,"Shell touring Hellas, 1964",Shell touring Hellas,Gre eng fre ita ger,,1964,,,,,,,,,,,,,,,,237,,#1,,,,,,,,,K. Florias - Th. Dimosthenus,,,,,,gre,,,,,,,,,,,,,,,,,
2,,,3912861,"Shell touring Hellas, 1964",Shell touring Hellas,Gre eng fre ita ger,,1964,,,,,,,,,,,,,,,,237,,#1,,,,,,Shell touring  Hellas,,,K. Florias - Th. Dimosthenus,,,,,,gre,,,,,,,,,,,,,,,,,
2,,,3913301,"Sherbrooke 1968, 1968",Sherbrooke 1968,eng fre,,1968,,,,,,,,,,,,,,,,164,,#1,,,,,,Cite de Sherbrooke = City of Sherbrooke,,,Office Municipal du Tourisme = Municipal Tourist Information Office,,,,,,fre,,,,,,,,,,,,,,,,,
2,,,3913302,"Sherbrooke 1969, 1969",Sherbrooke 1969,eng fre,,1969,,,,,,,,,,,,,,,,164,,#1,,,,,,Reine des cantons de l'est Sherbrooke = Sherbrooke the queen city of the eastern townships,,,Office Municipal du Tourisme = Municipal Tourist Information Office,,,,,,fre,,,,,,,,,,,,,,,,,
2,,,3912924,"Singapore, 1985",Singapore,Eng jpn,,1985,,,,,,,,,,,,,,,,238,,#1,,,,,,Map of Singapore = ガ マップ オブ シンガポール,,,Koon Wah Printing Pte. Ltd.,,,,,,eng,,,,,,,,,,,,,,,,,
2,,,3912927,"Singapore visitor map, 1990",Singapore visitor map ,Eng jpn,,1990,,,,,,,,,,,,,,,,238,,#1,,,,,,,,,Singapore Visitor,,,,,,eng,,,,,,,,,,,,,,,,,
2,,,3913379,"South-Central Ontario = Centre-Sud de l'Ontario, 1981",South-Central Ontario = Centre-Sud de l'Ontario,eng fre,,1981,,,,,,,,,,,,,,,,227,,#1,,,,,,Ontario yours to discover! official road map 1980/81,,,Ontario Ministry of Transportation and Communications,,,,,,eng,,,,,,,,,,,,,,,,,
2,,,3912442,"Stockholm, 1958",Stockholm,Swe eng,,1958,,,,,,,,,,,,,,,,233,,#1,,,,,,Map of Stockholm,,,Turisttrafikföreningen för Stockholms Stad och Stockholms Län = Tourist Traffic Society of Stockholm City and County,,,,,,swe,,,,,,,,,,,,,,,,,
2,,,3912443,"Stockholm, 1958",Stockholm,Swe eng,,1958,,,,,,,,,,,,,,,,233,,#1,,,,,,Map of Stockholm,,,Turisttrafikföreningen för Stockholms Stad och Stockholms Län = Tourist Traffic Society of Stockholm City and County,,,,,,swe,,,,,,,,,,,,,,,,,
2,,,3912441,"Stockholm med ytterområden = Stockholm and its environs = Stockholm mit Aussenbezirken = Stockholm y compris les quartiers de la périphérie, 1952",Stockholm med ytterområden = Stockholm and its environs = Stockholm mit Aussenbezirken = Stockholm y compris les quartiers de la périphérie,Swe eng ger fre,,1952,,,,,,,,,,,,,,,,233,,#1,,,,,,Karta över Stockholm,,,Stockholm Tourist Association,,,,,,swe,,,,,,,,,,,,,,,,,
2,,,3912444,"Stockholm med ytterområden = Stockholm and its environs = Stockholm mit Aussenbezirken = Stockholm y compris les quartiers de la périphérie, 1964",Stockholm med ytterområden = Stockholm and its environs = Stockholm mit Aussenbezirken = Stockholm y compris les quartiers de la périphérie,Swe eng ger fre,,1964,,,,,,,,,,,,,,,,233,,#1,,,,,,Stockholm,,,Stockholms Turisttrafikförbund  = Stockholm Tourist Association,,,,,,swe,,,,,,,,,,,,,,,,,
2,,,3912446,"Stockholms Omgifningar = Environs of Stockholm = Umgebungen von Stockholm, 1913",Stockholms Omgifningar = Environs of Stockholm = Umgebungen von Stockholm,Swe eng ger,,1913,,,,,,,,,,,,,,,,233,,#1,,,,,,Atlas-guide : Stockholm,,,Tourist Traffic Society of Stockholm,,,,,,swe,,,,,,,,,,,,,,,,,
2,,,3912818,"Strassen - und Reisekarte Österreich = Austria = Autriche ; Wien = Vienna = Vienne ; Wien Innere Stadt = Vienna Inner City = Vienna città cecchia = Vienne centre de la ville, [between 1970 and 1979?]",Strassen - und Reisekarte Österreich = Austria = Autriche ; Wien = Vienna = Vienne ; Wien Innere Stadt = Vienna Inner City = Vienna città cecchia = Vienne centre de la ville,Ger eng fre ita,[between 1970 and 1979?],,,,,,,,,,,,,,,,,161,,#1,,,,,,Österriechische Länderbank,,,Platzer & Co. ; Freytag-Berndt u. Artaria,,,,,,ger,,,,,,,,,,,,,,,,,
2,,,3912486,"Straßenzustandskarte von Deutschland = Germany : condition of roads = Allemagne : etat des routes = Germania : condizioni stradali = Alemania : estatdo de carreteras = Alemania : mapa stanu dróg w Niemczech, 1939",Straßenzustandskarte von Deutschland = Germany : condition of roads = Allemagne : etat des routes = Germania : condizioni stradali = Alemania : estatdo de carreteras = Alemania : mapa stanu dróg w Niemczech,Ger eng fre ita spa pol,,1939,,,,,,,,,,,,,,,,234,,#1,,,,,,Strassenzustandskarte von Deutschland = Germany : condition of roads = Allemagne : etat des routes = Germania : condizioni stradali = Alemania : estatdo de carreteras = Alemania : mapa stanu dróg w Niemczech,,,Der Deutsche Automobilclub e. V.,,,,,,ger,,,,,,,,,,,,,,,,,
2,,,3912889,"Street map of Hong Kong, 1962",Street map of Hong Kong,Eng chi,,1962,,,,,,,,,,,,,,,,237,,#1,,,,,,Jan Jan's 2nd edition street map of Hong Kong,,,Jan Jan Publishing Co.,,,,,,eng,,,,,,,,,,,,,,,,,
2,,,3913187,"Street map of Montréal = Cartes des rues de Montréal, 1941",Street map of Montréal = Cartes des rues de Montréal,eng fre,,1941,,,,,,,,,,,,,,,,163,,#1,,,,,,Shell street guide and metropolitan map of Montreal,,,H.M. Gousha Co.,,,,,,eng,,,,,,,,,,,,,,,,,
2,,,3913188,"Street map of Montréal = Cartes des rues de Montréal, 1946",Street map of Montréal = Cartes des rues de Montréal,eng fre,,1946,,,,,,,,,,,,,,,,163,,#1,,,,,,Shell street guide and metropolitan map of Montreal,,,H.M. Gousha Co.,,,,,,eng,,,,,,,,,,,,,,,,,
2,,,3913189,"Street map of Montréal = Cartes des rues de Montréal, [between 1950 and 1959?]",Street map of Montréal = Cartes des rues de Montréal,eng fre,[between 1950 and 1959?],,,,,,,,,,,,,,,,,163,,#1,,,,,,Metropolitan area of Montreal road map,,,H.M. Gousha Co.,,,,,,eng,,,,,,,,,,,,,,,,,
2,,,3913191,"Street map of Montréal = Cartes des rues de Montréal, 1950",Street map of Montréal = Cartes des rues de Montréal,eng fre,,1950,,,,,,,,,,,,,,,,163,,#1,,,,,,Shell street guide and metropolitan map of Montreal,,,H.M. Gousha Co.,,,,,,eng,,,,,,,,,,,,,,,,,
2,,,3913196,"Street map of Montréal = Cartes des rues de Montréal, [between 1950 and 1959?]",Street map of Montréal = Cartes des rues de Montréal,eng fre,[between 1950 and 1959?],,,,,,,,,,,,,,,,,163,,#1,,,,,,Metropolitan area of Montreal street guide,,,H.M. Gousha Co.,,,,,,eng,,,,,,,,,,,,,,,,,
2,,,3913198,"Street map of Montréal = Cartes des rues de Montréal, 1954",Street map of Montréal = Cartes des rues de Montréal,eng fre,,1954,,,,,,,,,,,,,,,,163,,#1,,,,,,Street guide and metropolitan map of Montreal,,,H.M. Gousha Co.,,,,,,eng,,,,,,,,,,,,,,,,,
2,,,3913203,"Street map of Montréal = Cartes des rues de Montréal, 1959",Street map of Montréal = Cartes des rues de Montréal,eng fre,,1959,,,,,,,,,,,,,,,,163,,#1,,,,,,Montreal,,,H.M. Gousha Co.,,,,,,eng,,,,,,,,,,,,,,,,,
2,,,3913216,"Street map of Montréal = Cartes des rues de Montréal, 1963",Street map of Montréal = Cartes des rues de Montréal,eng fre,,1963,,,,,,,,,,,,,,,,163,,#1,,,,,,Montreal,,,H.M. Gousha Co.,,,,,,eng,,,,,,,,,,,,,,,,,
2,,,3913223,"Street map of Montréal = Cartes des rues de Montréal, 1964",Street map of Montréal = Cartes des rues de Montréal,eng fre,,1964,,,,,,,,,,,,,,,,163,,#1,,,,,,Montreal,,,H.M. Gousha Co.,,,,,,eng,,,,,,,,,,,,,,,,,
2,,,3912457,"Suomi Finland, 1952",Suomi Finland,Fin eng,,1952,,,,,,,,,,,,,,,,159,,#1,,,,,,,,,Maanmittaushallituksen kivipaino,,,,,,fin,,,,,,,,,,,,,,,,,
2,,,3912452,"Suomi Finland, 1963",Suomi Finland,Fin swe eng ger,,1963,,,,,,,,,,,,,,,,159,,#1,,,,,,,,,"[General Drafting Co., Inc?]",,,,,,fin,,,,,,,,,,,,,,,,,
2,,,3912456,"Suomi Finland luonnonkulkijan maantiekartta, 1991",Suomi Finland luonnonkulkijan maantiekartta,Eng fin swe ger,,1991,,,,,,,,,,,,,,,,159,,#1,,,,,,,,,World Wildlife Foundation ; Maanmittaushallitus,,,,,,eng,,,,,,,,,,,,,,,,,
2,,,3912453,"Suomi Finland Suomen, 1960",Suomi Finland Suomen ,Fin swe eng,,1960,,,,,,,,,,,,,,,,159,,#1,,,,,,Suomi Finland,,,"General Drafting Co., Inc.",,,,,,fin,,,,,,,,,,,,,,,,,
2,,,3912747,"Touring information [northern Italy], 1964",Touring information [northern Italy],eng fre ger,,1964,,,,,,,,,,,,,,,,236,,#1,,,,,,Benvenuto in Italia,,,Shell,,,,,,ger,,,,,,,,,,,,,,,,,
2,,,3912822,"Touring Karte von Österreich, [between 1960 and 1969?]",Touring Karte von Österreich,ita eng fre ger,[between 1960 and 1969?],,,,,,,,,,,,,,,,,237,,#1,,,,,,Österreich = Austria,,,Freytag-Berndt u. Artaria,,,,,,eng,,,,,,,,,,,,,,,,,
2,,,3912404,"Tourist map of Norway = Turiskart over Norge, 1958",Tourist map of Norway = Turiskart over Norge,Nor eng,,1958,,,,,,,,,,,,,,,,233,,#1,,,,,,Norway by car,,,Norway Travel Association,,,,,,eng,,,,,,,,,,,,,,,,,
2,,,3912575,"Touristenkarte der Schweiz = Carte touristique da la Suisse = Carta turistica della Svizzera = Tourist map of Switzerland, [approximately 1972?]",Touristenkarte der Schweiz = Carte touristique da la Suisse = Carta turistica della Svizzera = Tourist map of Switzerland,Ger fre ita eng,[approximately 1972?],,,,,,,,,,,,,,,,,160,,#1,,,,,,Karte der Schweiz = Carte de la Suisse = Carta della Svizzera = Map of Switzerland,,,Kümmerly & Frey,,,,,,ger,,,,,,,,,,,,,,,,,
2,,,3912576,"Touristenkarte der Schweiz = Carte touristique da la Suisse = Carta turistica della Svizzera = Tourist map of Switzerland, 1986",Touristenkarte der Schweiz = Carte touristique da la Suisse = Carta turistica della Svizzera = Tourist map of Switzerland,Ger fre ita eng,,1986,,,,,,,,,,,,,,,,160,,#1,,,,,,Touristenkarte der Schweiz = Carte touristique da la Suisse = Carta turistica della Svizzera = Tourist map of Switzerland,,,Hallwag AG,,,,,,ger,,,,,,,,,,,,,,,,,
2,,,3912348,"Tram en bus in Amsterdam, 1975",Tram en bus in Amsterdam,Dut eng fre ger,,1975,,,,,,,,,,,,,,,,233,,#1,,,,,,,,,Stadsdrukkerij van Amsterdam,,,,,,dut,,,,,,,,,,,,,,,,,
2,,,3913036,"Vacation planning guide = guide de préparation des vacances, [between 1970 and 1979?]",Vacation planning guide = guide de préparation des vacances,eng fre,[between 1970 and 1979?],,,,,,,,,,,,,,,,,162,,#1,,,,,,Vacation guide map Atlantic Canada = Carte de vacances Canada Atlantique,,,Maritime Research Management Service (Canada),,,,,,eng,,,,,,,,,,,,,,,,,
2,,,3913222,"Ville-Marie - Old Montréal, [1964?]",Ville-Marie - Old Montréal,eng fre,[1964?],,,,,,,,,,,,,,,,,226,,#1,,,,,,Montreal,,,Economic Developmental Bureau of the City of Montreal,,,,,,fre,,,,,,,,,,,,,,,,,
2,,,3913232,"Ville-Marie - Old Montréal, 1972",Ville-Marie - Old Montréal,eng fre,,1972,,,,,,,,,,,,,,,,226,,#1,,,,,,Montréal,,,City of Montreal Public Relations Department,,,,,,fre,,,,,,,,,,,,,,,,,
2,,,3912838,"Wien = Vienna = Vienne = Viena, 1962",Wien = Vienna = Vienne,Ger eng fre,,1962,,,,,,,,,,,,,,,,161,,#1,,,,,,Wiener Rundfahrten = Vienna sightseeing tours,,,Österreichisches Verkehrsbüro,,,,,,ger,,,,,,,,,,,,,,,,,
2,,,3912830,"Wien = Vienna = Vienne = Viena, [1964?]",Wien = Vienna = Vienne = Viena,Ger eng fre ita,[1964?],,,,,,,,,,,,,,,,,161,,#1,,,,,,,,,Fremdenverkehrsstelle der Stadt Wien ; Zentraleparkasse der Gemeinde Wien,,,,,,ger,,,,,,,,,,,,,,,,,
2,,,3912831,"Wien = Vienna = Vienne, 1962",Wien = Vienna = Vienne = Viena,ita eng fre ger spa,,1962,,,,,,,,,,,,,,,,237,,#1,,,,,,,,,Fremdenverkehrsstelle der Stadt Wien ; Bundesamt für Eich - u. Vermessungswesen (Landesaufnahme),,,,,,ger,,,,,,,,,,,,,,,,,
2,,,3912800,"XVII Olimpiade Roma 1960 routes = itineraries = Reiseplane = itinerarios = itinerari, 1960",XVII Olimpiade Roma 1960 routes = itineraries = Reiseplane = itinerarios = itinerari,ita eng fre ger spa,,1960,,,,,,,,,,,,,,,,236,,#1,,,,,,,,,Cartografico A.C. I.,,,,,,ita,,,,,,,,,,,,,,,,,
2,,,3912854,"Zagreb turistički plan grada = Zagreb tourist map of town, 1966",Zagreb turistički plan grada = Zagreb tourist map of town,hrv eng,,1966,,,,,,,,,,,,,,,,237,,#1,,,,,,Zagreb turistički plan grada = Zagreb tourist map of town,,,Turistički savez Zagreba,,,,,,hrv,,,,,,,,,,,,,,,,,
2,,,3912911,"พระนคร-ธนบุรี Plan of Bangkok for tourists, 1960",พระนคร-ธนบุรี Plan of Bangkok for tourists,tha eng,,1960,,,,,,,,,,,,,,,,238,,#1,,,,,,,,,จ คงพันธ์ (C. Kongpan),,,,,,eng,,,,,,,,,,,,,,,,,
